,tipo,descricao,likes,comentarios,shortcode,id,time,hora,dia,semana,inter
0,VÃ­deo,"VOCÃŠS ACREDITAM?! ğŸ˜±ğŸ¥
(vÃ­deo: reproduÃ§Ã£o internet / instagram)",56730,1197,Ckt6mE8sJJo,2967285432857956968,2022-11-08 19:53:58,19,2022-11-08,1,57927
1,Imagem,"ELE MERECE! ğŸ“¸ğŸ˜
(imagem: reproduÃ§Ã£o internet / instagram)",79698,864,Ckt0d08O6gp,2967258477635545129,2022-11-08 18:59:56,18,2022-11-08,1,80562
2,Imagem,"JÃ ASSISTIRAM?! ğŸ“¸ğŸ¤©
(imagem: reproduÃ§Ã£o internet / instagram)",183687,2611,CktwUdCODKP,2967240241304842895,2022-11-08 18:23:42,18,2022-11-08,1,186298
3,VÃ­deo,"MEU DEUS! ğŸ˜­ğŸ¥
(vÃ­deo: reproduÃ§Ã£o internet / instagram)",286191,3595,CktqVCdttd5,2967213893215508345,2022-11-08 17:31:45,17,2022-11-08,1,289786
4,Imagem,"Em entrevista ao â€˜Drew Barrymore TVâ€™, Millie Bobby Brown revelou seu interesse em interpretar Britney Spears em uma cinebiografia: ""Eu acho que a histÃ³ria dela ressoa comigo, por crescer no meio do olhar pÃºblico. Eu sinto que eu poderia contar a histÃ³ria dela do jeito certoâ€. E AÃ, VCS QUEREM?! ğŸ“¸ğŸ˜",79069,266,CktnQR-Ob-i,2967200372130168738,2022-11-08 17:04:30,17,2022-11-08,1,79335
5,VÃ­deo,"Lava, lava, lava toda essa energia ruim! O ex-jogador Cafu criou um ritual para atrair sorte e tirar toda a zica da sua peÃ§a da sorte junto com OMO. JÃ¡ deu a dica para os torcedores. TÃ¡ esperando o que para tirar a sua zica? #LavaAZica #publicidade AMEI GENTE! ğŸ˜ğŸ¬",28683,119,Cktk5ATP1i0,2967189976514517172,2022-11-08 16:44:22,16,2022-11-08,1,28802
6,Imagem,"QUAL GENTE?! ğŸ“¸ğŸ˜
(imagem: reproduÃ§Ã£o internet / instagram)",39831,1845,CkteHFEudt0,2967160157386693492,2022-11-08 15:44:36,15,2022-11-08,1,41676
7,Imagem,"O rapper Snoop Dogg, postou um vÃ­deo em sua rede social, no qual ele negou o que a sua boladora disse, que ele fuma 150 base4d0s por dia: â€œA mina disse que eu fumo 500 gramas. Pare de mentirâ€. MORTAAA! ğŸ“¸ğŸ˜‚",157644,811,CktXoKauYfZ,2967131644541634521,2022-11-08 14:47:57,14,2022-11-08,1,158455
8,Imagem,"O ator JosÃ© Loreto, vai interpretar um cantor pop decadente em â€œVai na fÃ©â€, prÃ³xima novela das 7 da Globo, para atrair o pÃºblico cristÃ£o. Para isso, ele admitiu que tem se inspirado em artistas como o cantor Latino para dar vida ao papel. O QUE ACHARAM?! ğŸ“¸ğŸ¤”",133808,3591,CktUg1uusK_,2967117947152810687,2022-11-08 14:20:44,14,2022-11-08,1,137399
9,Imagem,"Com fama de acertar torneios, a â€˜EA Sportsâ€™ prevÃª que a Argentina serÃ¡ a campeÃ£ da Copa do Mundo no Catar em uma final contra o Brasil. A desenvolvedora previu corretamente os trÃªs Ãºltimos vencedores do torneio. SERÃ GENTE?! ğŸ“¸ğŸ¤”",198309,4031,CktSRY-uk8C,2967108089397530370,2022-11-08 14:01:09,14,2022-11-08,1,202340
10,Imagem,"JÃ ASSISTIRAM?! ğŸ“¸ğŸ˜
(imagem: reproduÃ§Ã£o internet / instagram)",222424,3834,CktPH3xOV6f,2967094241122672287,2022-11-08 13:33:38,13,2022-11-08,1,226258
11,Imagem,"Antes da convocaÃ§Ã£o do tÃ©cnico Tite, a assessoria da CBF informou que exibiria um vÃ­deo: tratava-se de uma peÃ§a publicitÃ¡ria para promover a camisa da seleÃ§Ã£o brasileira. Ã‰ uma iniciativa para tentar dissociar o uniforme do time nacional de polÃ­tica, jÃ¡ que foram usados largamente como sÃ­mbolo pelos apoiadores do presidente RepÃºblica, Jair Bolsonaro. O QUE ACHARAM?! ğŸ“¸ğŸ‡§ğŸ‡·",213154,7038,CktMSr3uNzW,2967081790121499862,2022-11-08 13:08:54,13,2022-11-08,1,220192
12,Imagem,Eita gente! Os internautas perceberam que o @mamilospod teve uma mudanÃ§a no nome e na foto de perfil das redes sociais. O que serÃ¡ que vem ai? Palpites minha gente?! (publicidade) ğŸ“¸ğŸ‘€,21444,183,CktKAfGIP6O,2967071743360958094,2022-11-08 12:48:56,12,2022-11-08,1,21627
13,Imagem,"Arthur Aguiar revelou para o Portal Metropoles que nÃ£o pensa em arrumar um novo affair pois nÃ£o desistiu de reconquistar Maira Cardi: â€œEu nÃ£o desisti de reconquistar a minha famÃ­lia, a minha mulher"", disse o campeÃ£o do Big Brother Brasil 22. ğŸ“¸ğŸ˜¬",312631,9196,CktBTzpo9zD,2967033488683031747,2022-11-08 11:32:56,11,2022-11-08,1,321827
14,VÃ­deo,"SOCORRO! ğŸ˜‚ğŸ¥
(vÃ­deo: reproduÃ§Ã£o playplus / record tv)",529598,8794,Cks-PlZJnZy,2967020004356552306,2022-11-08 11:06:46,11,2022-11-08,1,538392
15,Imagem,"CONCORDAM?! ğŸ“¸ğŸ˜¬
(imagem: reproduÃ§Ã£o internet / instagram)",160847,4524,Cks8GvzORDu,2967010600963084526,2022-11-08 10:47:27,10,2022-11-08,1,165371
16,Imagem,"O ServiÃ§o Nacional de Parques dos EUA relembrou turistas e visitantes para nÃ£o lamberem o ""sapo do deserto de Sonora"", tambÃ©m conhecido como ""sapo do rio Colorado"". Esse sapo Ã© conhecido por secretar o composto alucinÃ³geno chamado 5-MeO-DMT, que tambÃ©m Ã© encontrado em plantas e em versÃ£o sintÃ©tica. GENTE O QUE TÃ ROLANDO?! ğŸ“¸ğŸ˜³",226875,3631,Cks56NYOzwx,2967000943276276785,2022-11-08 10:28:16,10,2022-11-08,1,230506
17,Imagem,"Preparado, o jogador @richarlison estÃ¡ se recuperando da lesÃ£o e decidiu mudar o visual com um corte antizica um tanto quanto ousado e inovador para dar sorte. Internautas jÃ¡ estÃ£o dizendo que vÃ£o aderir. E AÃ, GOSTARAM?! ğŸ“¸ğŸ˜",229879,5943,Cks3pvtOpP0,2966991015811650548,2022-11-08 10:08:32,10,2022-11-08,1,235822
18,Imagem,"Em entrevista a esta coluna de Splash, durante o prÃªmio ""Men of the Year"", o cantor, que recentemente desmentiu que estaria namorando um homem, afirma nÃ£o se encaixar em rÃ³tulos ou siglas, e conta que gostaria que as pessoas se preocupassem menos com quem ele se relaciona. O QUE ACHARAM?! ğŸ“¸â˜ºï¸",251914,9388,Cks1aY4O_Yo,2966981164415055400,2022-11-08 09:48:58,9,2022-11-08,1,261302
19,Imagem,"Reynaldo Gianecchini farÃ¡ par com Grazi Massafera em â€œUma famÃ­lia felizâ€, thriller dirigido por JosÃ© Eduardo Belmonte. A histÃ³ria foi criada por Raphael Montes, autor da sÃ©rie ""Bom dia, VerÃ´nica"", da Netflix. VEM AÃ! ğŸ“¸ğŸ˜",136516,569,CkszDXCu5Vd,2966970785802720605,2022-11-08 09:28:21,9,2022-11-08,1,137085
20,Imagem,"Uma mulher de 30 anos foi presa pela m0rt3 de um idoso de 72 anos, apÃ³s, segundo a advogada dela, se defender de um 3stupr0 por parte do homem. O caso ocorreu no municÃ­pio de SÃ£o LourenÃ§o, no sul de Minas Gerais. QUE ABSURDO GENTE! ğŸ“¸ğŸ˜³",598625,17304,CksuB7IOrEc,2966948696878133532,2022-11-08 08:44:28,8,2022-11-08,1,615929
21,Imagem,"CONCORDAM?! ğŸ“¸ğŸ˜
(imagem: reproduÃ§Ã£o internet / instagram)",226771,2775,CksrsWeICsH,2966938418315012871,2022-11-08 08:24:02,8,2022-11-08,1,229546
22,Imagem,"EU TÃ” MORTA! ğŸ“¸ğŸ˜‚
(imagem: reproduÃ§Ã£o internet / instagram)",790466,5770,CkrufCFIGPF,2966669222230385605,2022-11-07 23:29:12,23,2022-11-07,0,796236
23,Imagem,"Editor-chefe do Jornal Nacional, William Bonner acaba de se tornar o apresentador mais longevo do Jornal Nacional, superando o histÃ³rico de bancada de Cid Moreira, locutor que mais tempo havia sustentado a apresentaÃ§Ã£o do principal telejornal do paÃ­s. QUANTO TEMPO! ğŸ“¸â¤ï¸",207836,2026,CkrdfeouV8W,2966594486101696278,2022-11-07 21:00:42,21,2022-11-07,0,209862
24,Imagem,"NÃƒO Ã‰ POSSÃVEL! ğŸ“¸ğŸ˜‚
(imagem: reproduÃ§Ã£o internet / instagram)",413881,3650,CkrVY05uU92,2966558844600799094,2022-11-07 19:49:54,19,2022-11-07,0,417531
25,Imagem,"VCS QUEREM?! ğŸ“¸ğŸ¤”
(imagem: reproduÃ§Ã£o internet / instagram)",602776,67787,CkrQPI5Oi_f,2966536188639981535,2022-11-07 19:04:53,19,2022-11-07,0,670563
26,Imagem,"O cientista da computaÃ§Ã£o John Elliot se debruÃ§ou na confecÃ§Ã£o de um protocolo interdisciplinar a ser aplicado em caso de contato entre humanos e alienÃ­genas. AtÃ© entÃ£o, ninguÃ©m havia se mobilizado nesse sentido, a fim de se preparar para um momento como esse. E AÃ GENTE? PREPARADOS?! ğŸ“¸ğŸ˜³",658229,11214,CkrOAWKurIA,2966526376007086592,2022-11-07 18:45:23,18,2022-11-07,0,669443
27,VÃ­deo,"Chocado com esse brilho para conferir mais sobre essa tÃ©cnica realizada, confira agora no instagram dela que Ã© o @anapaulacarvalhoof. VCS VÃƒO AMAR! (anÃºncio) â¤ï¸ğŸ¥",66534,306,CkrLmQ0rM-4,2966515787468951480,2022-11-07 18:24:48,18,2022-11-07,0,66840
28,Imagem,"O @burgerkingbr anuncia nas redes sociais um novo hambÃºrguer e claro, nÃ£o podÃ­amos ficar de fora. A Correspondente da Choquei foi atÃ© uma loja BK e conheceu o â€˜Hexa Stackerâ€™, versÃ£o do tradicional Stacker que conta com seis carnes e um sabor mais que suculento (publicidade). JÃ COMERAM?! ğŸ“¸ğŸ˜",280504,1425,CkrJWCyuxP-,2966505876799296510,2022-11-07 18:04:39,18,2022-11-07,0,281929
29,Imagem,"Em entrevista a The Guardian, o ator da sÃ©rie â€˜Round 6â€™, disse que o sucesso o alegrou, mas que tambÃ©m lhe causou ""sentimentos conflitantes"". Isso porque a sÃ©rie ficcional gira em torno de pessoas endividadas que participam de um reality show, com suas vidas em jogo: â€œÃ‰ Ã³timo que o pÃºblico esteja consumindo conteÃºdo coreano no mundo inteiro"", diz Lee. ""Mas Ã© preocupante se vocÃª pensar nos temas de Round 6 - atÃ© onde estamos dispostos a ir para acumular riqueza pessoal; atÃ© onde as pessoas sÃ£o forÃ§adas a ir."" EITAA GENTE! ğŸ“¸ğŸ˜³",143194,579,CkrBba5Ifil,2966471061901801637,2022-11-07 16:55:29,16,2022-11-07,0,143773
30,Imagem,"CONCORDAM?! ğŸ“¸ğŸ¤”
(imagem: reproduÃ§Ã£o internet / instagram)",313806,8411,Ckq-CPgoQ_D,2966456137553088451,2022-11-07 16:25:50,16,2022-11-07,0,322217
31,Imagem,"O automobilista britÃ¢nico e heptacampeÃ£o de FÃ³rmula 1, Lewis Hamilton, acaba de receber o tÃ­tulo de cidadÃ£o honorÃ¡rio brasileiro da cÃ¢mara dos deputados, o piloto disse amar o Brasil e agradeceu a honra, em seu discurso. MARAVILHOSO NÃ‰?! ğŸ“¸ğŸ˜",120097,621,Ckq3c3TIWht,2966427180657109101,2022-11-07 15:28:18,15,2022-11-07,0,120718
32,Imagem,"Devido o sucesso de â€œDahmer: Um C4nib4l Americanoâ€, a Netflix confirmou que irÃ¡ expandir a franquia â€œMonstroâ€ com mais duas temporadas focadas em cr1minosos que chocaram a sociedade. E AÃ, O QUE VCS ACHARAM?! ğŸ“¸ğŸ¤”",256220,1835,Ckqw39Aot7W,2966398255889571542,2022-11-07 14:30:50,14,2022-11-07,0,258055
33,Imagem,LINK NO STORY! ğŸš¨,65339,0,CkqtUORoBrs,2966382606387518188,2022-11-07 13:59:44,13,2022-11-07,0,65339
34,VÃ­deo,"SOCORRO! ğŸ˜‚ğŸ¥
(vÃ­deo: reproduÃ§Ã£o internet / instagram)",564593,11288,CkqqVCLP8HJ,2966369467975582153,2022-11-07 13:33:54,13,2022-11-07,0,575881
35,Imagem,"GOSTARAM?! ğŸ“¸ğŸ˜¬
(imagem: reproduÃ§Ã£o internet / instagram)",405278,11573,Ckqoz0IOF7w,2966362787103137520,2022-11-07 13:20:22,13,2022-11-07,0,416851
36,Imagem,"ANSIOSOS?! ğŸ“¸ğŸ¤©
(imagem: reproduÃ§Ã£o internet / instagram)",344451,1774,CkqgKEIuA-z,2966324733701263283,2022-11-07 12:04:45,12,2022-11-07,0,346225
37,Imagem,"ApÃ³s baixa procura pelo IPhone 14, principalmente na sua versÃ£o Plus, a Apple decidiu reduzir a produÃ§Ã£o do celular. Inicialmente seriam fabricados 90 milhÃµes de unidades, mas a empresa cortou a produÃ§Ã£o em 3 milhÃµes de smartphones. EITA GENTE! ğŸ“¸ğŸ˜±",251955,3414,Ckqdp0zuBFu,2966313722126537070,2022-11-07 11:42:53,11,2022-11-07,0,255369
38,VÃ­deo,Mais uma vez pilotos relataram luzes desconhecidas no cÃ©u enquanto realizavam um voo. Os registros foram feitos na regiÃ£o sul do Brasil e atÃ© agora nÃ£o existe uma explicaÃ§Ã£o para o fenÃ´meno. Muitos internautas acreditam que se trata de um Ã“VNI. O QUE ACHAM?! ğŸ¤”ğŸ¥,446367,8533,CkqaLAML0Tr,2966298409904850155,2022-11-07 11:14:30,11,2022-11-07,0,454900
39,Imagem,"Em entrevista Ã  Folha, Raul Gazolla contou que nunca perdoou os ass4ssin0s da mulher e disse que ""o planeta amanheceu melhor, o ar mais limpo"" com a notÃ­cia da morte de Guilherme de PÃ¡dua. ""AtÃ© o bispo da igreja dele [MÃ¡rcio ValadÃ£o] deu a notÃ­cia rindo. Devia ser um tormento para a igreja ter como pastor um assassino com um ego tÃ£o grande quanto seu crime"", continuou o ator. Por fim, Raul disse que precisamos agradecer um mundo sem o ass4ss1no: ""Vamos seguir em frente e agradecer por estarmos em um mundo melhor hoje"". ğŸ“¸ğŸ˜Š",199098,2278,CkqVHq6uJuv,2966276190672296879,2022-11-07 10:28:19,10,2022-11-07,0,201376
40,Imagem,"O apresentador Roberto Justus, de 67 anos, revelou que foi diagnosticado com um cÃ¢ncer na bexiga durante exames de rotina. Justus explicou tudo atravÃ©s de um vÃ­deo publicado no Instagram. Ele contou que o tumor maligno jÃ¡ foi retirado. O empresÃ¡rio tambÃ©m falou aos seguidores que farÃ¡ oito sessÃµes de quimioterapia por prevenÃ§Ã£o e ressaltou a importÃ¢ncia de realizar exames de rotina. MELHORAS! ğŸ“¸â¤ï¸",138217,1007,CkqSm3yumPe,2966265140661085150,2022-11-07 10:06:21,10,2022-11-07,0,139224
41,Imagem,"QUE MATURIDADE! ğŸ“¸ğŸ‘
(imagem: reproduÃ§Ã£o internet / instagram)",330365,3283,CkqPO2WuAhf,2966250295710451807,2022-11-07 09:36:52,9,2022-11-07,0,333648
42,Imagem,"Alguns internautas perceberam uma grande coincidÃªncia apÃ³s a morte de Guilherme de PÃ¡dua ser anunciada na noite de ontem (6/11). A data Ã© a mesma que a da estreia da novela que marcou o retorno de GlÃ³ria PÃ©rez hÃ¡ exatos 27 anos, apÃ³s a perda da filha. O nome da trama era â€œExplode CoraÃ§Ã£oâ€ e Guilherme morreu vÃ­tima de um infarto fulminante. MEU DEUS! ğŸ“¸ğŸ˜³",302669,3818,CkqLjjsuvEa,2966234126601613594,2022-11-07 09:04:44,9,2022-11-07,0,306487
43,Imagem,"A escritora do livro, que deu origem ao desenho, revelou que a histÃ³ria Ã© baseada em uma ursa de verdade, do zoolÃ³gico de Londres, e explicou que a â€œPoohâ€ original sempre foi fÃªmea. E AÃ, VCS SABIAM?! ğŸ“¸ğŸ˜±",371068,4555,CkqHHEAOi3s,2966214576237587948,2022-11-07 08:25:54,8,2022-11-07,0,375623
44,VÃ­deo,"QUE DOR! ğŸ¥ºğŸ¥
(vÃ­deo: reproduÃ§Ã£o globoplay / rede globo)",726783,6719,CkpSoRlN2-d,2965983762094452637,2022-11-07 00:47:40,0,2022-11-07,0,733502
45,Imagem,"URGENTE: Morre aos 53 anos, o ex-ator e atual pastor batista, Guilherme de PÃ¡dua, vÃ­tima de um infarto, em Belo Horizonte. A informaÃ§Ã£o foi confirmada em uma live feita pelo pastor MÃ¡rcio ValadÃ£o, da Igreja Batista da Lagoinha! ğŸ“¸ğŸ˜±",604950,25562,CkpGCZfOa2s,2965928382685621676,2022-11-06 22:57:17,22,2022-11-06,6,630512
46,Imagem,"Na TV, Marcelo Queiroga pede que mÃ£es, pais e responsÃ¡veis levem os filhos para vacinar contra a poliomielite. ""A taxa de vacinaÃ§Ã£o ainda estÃ¡ inferior a 70%. A meta Ã© imunizar 90% das crianÃ§as abaixo de 5 anos. As vacinas estÃ£o disponÃ­veis nos postos. FaÃ§o um apelo"", disse ele. VACINEM-SE! ğŸ“¸ğŸ’‰",373308,2944,Cko4dKqOlen,2965868649538803623,2022-11-06 20:58:36,20,2022-11-06,6,376252
47,Imagem,"GOSTARAM?! ğŸ“¸ğŸ–¤
(imagem: reproduÃ§Ã£o internet / instagram)",181946,5297,Cko2k0yu43u,2965860379721960942,2022-11-06 20:42:10,20,2022-11-06,6,187243
48,VÃ­deo,"SOCORRO! ğŸ˜‚ğŸ¬
(vÃ­deo: reproduÃ§Ã£o internet / instagram)",356162,1113,Cko0S91LOnG,2965850356383017414,2022-11-06 20:22:31,20,2022-11-06,6,357275
49,Imagem,"De acordo com o jornal a Folha de SÃ£o Paulo, pessoas sem religiÃ£o devem ultrapassar catÃ³licos e protestantes no Brasil. Perda de relevÃ¢ncia espiritual e descompasso com tendÃªncias hegemÃ´nicas influenciam declÃ­nio de religiÃµes no Ocidente. EITA GENTE! ğŸ“¸ğŸ˜¬",270071,4292,Ckow2zgugiA,2965835227017644160,2022-11-06 19:52:12,19,2022-11-06,6,274363
50,Imagem,"VOCÃŠS QUEREM?! ğŸ“¸ğŸ˜
(imagem: reproduÃ§Ã£o internet / instagram)",227036,17149,CkouWbQupDT,2965824205863162067,2022-11-06 19:30:18,19,2022-11-06,6,244185
51,Imagem,"O piloto de FÃ³rmula 1, Lewis Hamilton, estÃ¡ prestes a chegar ao Brasil e, em sua primeira parada, receberÃ¡ o tÃ­tulo de cidadÃ£o honorÃ¡rio, em BrasÃ­lia. A solenidade serÃ¡ realizada amanhÃ£, em BrasÃ­lia. Hamilton e o Brasil estÃ£o conectados hÃ¡ um longo tempo. O britÃ¢nico sempre fez questÃ£o de afirmar que seu maior Ã­dolo e inspiraÃ§Ã£o Ã© Ayrton Senna, alÃ©m do capacete em homenagem ao tricampeÃ£o brasileiro usado por muitos anos em sua trajetÃ³ria na F1. ELE MERECE! ğŸ“¸ğŸ‡§ğŸ‡·",175507,866,CkoPGLbOwPq,2965686749906011114,2022-11-06 14:57:12,14,2022-11-06,6,176373
52,VÃ­deo,"QUE DEMAIS! ğŸ˜ğŸ¥
(vÃ­deo: reproduÃ§Ã£o internet / instagram",532040,3264,CkoF89tOz6j,2965646534281739939,2022-11-06 13:37:54,13,2022-11-06,6,535304
53,Imagem,"O G1 fez um levantamento do valor que cada torcedor gastaria para ir ao Catar assistir a Copa e concluiu que seria necessÃ¡rio desembolsar, no mÃ­nimo, R$ 52.180. SÃ³ de passagens, saindo de SÃ£o Paulo, o torcedor teria que pagar cerca de R$ 11 mil. A hospedagem mais simples sairia por R$ 32 mil para os 28 dias de competiÃ§Ã£o. Os ingressos para assistir a todos os jogos ficariam em torno de R$ 7,7 mil e, por fim, a alimentaÃ§Ã£o mais simples possÃ­vel custaria R$ 1,1 mil. E AÃ, VCS VÃƒO?! ğŸ“¸ğŸ¤©",191692,1325,CkoBlJPOqYU,2965627305209800212,2022-11-06 12:59:05,12,2022-11-06,6,193017
54,Imagem,"Com muita emoÃ§Ã£o e na Ãºltima manobra, Rayssa Leal se tornou a campeÃ£ mundial do Super Crown 2022, no Rio de Janeiro. PARABÃ‰NS! ğŸ“¸ğŸ˜",291044,1261,Ckn8ehOOVAI,2965604859693846536,2022-11-06 12:14:30,12,2022-11-06,6,292305
55,Imagem,"COMPRARIAM?! ğŸ“¸ğŸ˜‚
(imagem: reproduÃ§Ã£o internet / instagram)",473176,10746,Ckn5I1-ucaX,2965590176014386839,2022-11-06 11:45:19,11,2022-11-06,6,483922
56,Imagem,"A nova onda comeÃ§ou avanÃ§ando na Ãsia, nos Estados Unidos e na Europa e agora acende um alerta para o Brasil, onde os diagnÃ³sticos positivos vÃªm crescendo nas Ãºltimas semanas. MEU DEUS! ğŸ“¸ğŸ˜±",607791,12420,CknzDOlud_m,2965563401842581478,2022-11-06 10:52:08,10,2022-11-06,6,620211
57,Imagem,"GOSTARAM?! ğŸ“¸ğŸ˜
(imagem: reproduÃ§Ã£o internet / instagram)",172863,377,Cknv6LOOS-A,2965549585612222336,2022-11-06 10:24:40,10,2022-11-06,6,173240
58,Imagem,Francia comentou â€œinteressanteâ€ em uma publicaÃ§Ã£o que destacava a declaraÃ§Ã£o de Selena e logo depois parou de seguir a cantora no Instagram. EITAA MINHA GENTE! ğŸ“¸ğŸ˜³,357566,3507,Cknpxj4uLyP,2965522605340671119,2022-11-06 09:31:04,9,2022-11-06,6,361073
59,Imagem,"Segundo a biografia do Rei Charles III, quando ele tinha 40 anos, possuÃ­a um encarregado especial para cuidar de uma pelÃºcia sua. Esse encarregado era o guardiÃ£o do urso e o Ãºnico ser humano autorizado a levar o brinquedo atÃ© o antigo babÃ¡ de Charles quando o mesmo precisava de reparos e novas costuras. AlÃ©m dessa funÃ§Ã£o, o serviÃ§al tambÃ©m tinha outros trabalhos como espremer pasta de dente de Charles na escova, amarrar os sapatos e vestir o rei. O QUE ACHARAM?! ğŸ“¸ğŸ¤”",319699,2958,CknmlHOu1td,2965508555798174557,2022-11-06 09:03:09,9,2022-11-06,6,322657
60,Imagem,"CONCORDAM?! ğŸ“¸ğŸ¤”
(imagem: reproduÃ§Ã£o internet / instagram)",188393,3878,Cknhzcsuiib,2965487550690109595,2022-11-06 08:21:25,8,2022-11-06,6,192271
61,VÃ­deo,"Pilotos da TAM e da Azul, alÃ©m de funcionÃ¡rios da Torre de Controle do Aeroporto Salgado Filho, relataram avistamentos de luzes no cÃ©u de Porto Alegre na noite deste sÃ¡bado (5). Os diÃ¡logos entre os comandantes e a controladora de trÃ¡fego aÃ©reo detalham os relatos. O QUE VCS ACHARAM?! ğŸ˜±ğŸ¥",496124,9251,CknYSYxIvhA,2965445696307787840,2022-11-06 06:59:07,6,2022-11-06,6,505375
62,VÃ­deo,"QUE LINDO! ğŸ˜ğŸ¬
(vÃ­deo: reproduÃ§Ã£o internet / instagram)",577590,4388,CkmP2o7v-pM,2965127130171566668,2022-11-05 20:25:33,20,2022-11-05,5,581978
63,Imagem,Uma cobra da espÃ©cie Dasypeltis Medici foi vista engolindo um ovo bem maior do que sua cabeÃ§a e sem quebra-lo. Essas cobras sÃ£o popularmente conhecidos como â€œcobras comedoras de ovosâ€. Elas habitam no continente africano e nÃ£o sÃ£o venenosas. MEU DEUS! ğŸ“¸ğŸ˜³,298407,2536,CkmGYEbu1vV,2965085446976789461,2022-11-05 19:02:31,19,2022-11-05,5,300943
64,Imagem,"Na Espanha, ativistas climÃ¡ticos colaram as suas mÃ£os em dois quadros de pinturas mundialmente famosas do mestre espanhol Francisco de Goya no museu Prado de Madri no sÃ¡bado. Esse foi um dos mais recente de uma sÃ©rie de protestos contra obras de arte que vem acontecendo em toda Europa. O QUE ACHARAM?! ğŸ“¸ğŸ˜¬",129933,1229,Ckl9XzJOJIE,2965045845994017284,2022-11-05 17:43:50,17,2022-11-05,5,131162
65,Imagem,"Para tristeza dos fÃ£s, o universo InvocaÃ§Ã£o do Mal perdeu um derivado. Anunciado em 2017, o filme do Homem Torto (ou Crooked Man), nÃ£o serÃ¡ mais produzido, e quem diz Ã© o produtor e padrinho da franquia, James Wan. VOCÃŠS QUERIAM?! ğŸ“¸ğŸ¤”",352200,3111,Ckl5yAZuEM8,2965030054749815612,2022-11-05 17:12:28,17,2022-11-05,5,355311
66,Imagem,"A constataÃ§Ã£o foi feita por cientistas na Universidade Chinesa de Hong Kong, e da Universidade de Stanford, nos Estados Unidos, e reforÃ§a a importÃ¢ncia de dar atenÃ§Ã£o tambÃ©m ao envelhecimento psicolÃ³gico. Os cientistas chegaram Ã  conclusÃ£o de que Ã© preciso viver em um ambiente psicologicamente positivo para ter uma longevidade saudÃ¡vel, alÃ©m de nÃ£o estar sozinho no decorrer dos anos. CHOCADO! ğŸ“¸ğŸ˜³",344992,2615,Ckl3aOFOHCF,2965019624077815941,2022-11-05 16:51:44,16,2022-11-05,5,347607
67,ColeÃ§Ã£o,"A dupla sertaneja Maiara e MaraÃ­sa publicam uma linda homenagem a cantora MarÃ­lia MendonÃ§a. No texto (arraste pro lado e veja), elas expressam o quanto MarÃ­lia fez parte da histÃ³ria delas e a saudade imensa que ela deixa para elas. EMOCIONANTE! ğŸ“¸â¤ï¸",339301,1000,Ckl1G2CuxM0,2965009496503161652,2022-11-05 16:31:37,16,2022-11-05,5,340301
68,Imagem,"A atriz da Globo, Jade Picon, abriu na noite de ontem uma live para rebater crÃ­ticas que vinha recebendo sobre seu papel em Travessia e o seu irmÃ£o Leo Picon comentou: â€œSe tivesse entrado no teatro quando falei pra vocÃª entrar nÃ£o tava passando por issoâ€. E AÃ GENTE, FÃƒ OU HATER?! ğŸ“¸ğŸ˜‚",506594,5538,CklxeeJOlET,2964993527923757331,2022-11-05 15:59:53,15,2022-11-05,5,512132
69,VÃ­deo,"A nova mÃºsica da @yasminsantosoficial, #QueroVerSeDefender, mexe com forÃ§a no coraÃ§Ã£o e coloca entre quatro paredes o macho que diz que nÃ£o tava falando com outra, mas nÃ£o dÃ¡ pra se defender. O sucesso jÃ¡ estÃ¡ disponÃ­vel em todas as plataformas e jÃ¡ estÃ¡ no topo das paradas digitais. EU AMEI E VCS?! ğŸ˜ğŸ¬",111438,350,CkluoF9LHVT,2964980995006952787,2022-11-05 15:35:29,15,2022-11-05,5,111788
70,Imagem,"QUE SAUDADES! ğŸ“¸â¤ï¸
(imagem: reproduÃ§Ã£o internet / instagram)",257159,1065,Cklq9rwuNaK,2964964886523205258,2022-11-05 15:02:59,15,2022-11-05,5,258224
71,Imagem,"O â€˜Ã‰ De Casaâ€™ deste sÃ¡bado (5) prestou uma homenagem a MarÃ­lia MendonÃ§a, que morreu hÃ¡ 1 ano em um acidente de aviÃ£o. Na conversa com Maria BeltrÃ£o, Dona Ruth abriu o coraÃ§Ã£o sobre como lida com a perda da filha, com o luto e de como a MarÃ­lia parecia prevÃª a tragÃ©dia: â€œEla cantava muito aquela mÃºsica pra mim o dia que eu for embora, vocÃª vai sentir saudade. Ela perguntou pra mim: â€œeu vou emboraâ€. A mÃ£e da eterna MarÃ­lia ainda disse que nos Ãºltimos tempos, ela tava se despedindo. â€œÃ‰ muito estranho uma pessoa passar o tempo todo se despedindo, a gente estava muito prÃ³xima"", finalizou Ruth. MUITO TRISTE! ğŸ“¸ğŸ¥º",423229,1283,CkliSVfOQP8,2964926723297707004,2022-11-05 13:47:09,13,2022-11-05,5,424512
72,Imagem,"VALHA MEU PAI ğŸ“¸ğŸ˜‚
(imagem: reproduÃ§Ã£o internet / instagram)",435649,6445,CkleewLuAEA,2964909984409190656,2022-11-05 13:13:54,13,2022-11-05,5,442094
73,Imagem,"ANSIOSOS?! ğŸ“¸ğŸ¤©
(imagem: reproduÃ§Ã£o internet / instagram)",435075,2564,Cklbc5Tuy9W,2964896662628806486,2022-11-05 12:47:26,12,2022-11-05,5,437639
74,VÃ­deo,"ETERNA! â¤ï¸ğŸ¥
(vÃ­deo: reproduÃ§Ã£o internet / instagram)",479391,4306,CklQ8A3ONlf,2964850422532594015,2022-11-05 11:15:55,11,2022-11-05,5,483697
75,VÃ­deo,"SOCORRO! ğŸ˜‚ğŸ¥
(vÃ­deo: reproduÃ§Ã£o internet / instagram)",764621,6521,CklHIdTssMx,2964807297243726641,2022-11-05 09:50:08,9,2022-11-05,5,771142
76,Imagem,"Uma pesquisa feita recentemente pela USP e UNESP mostrou que 12% da populaÃ§Ã£o adulta do Brasil se declara como LGBTQIA+. Isso corresponde a cerca de 19 milhÃµes de pessoas de acordo com dados populacionais do IBGE. Dentro desse levantamento, os pesquisadores apontaram que 5,76% se declaram assexuais, 2,12% bissexuais, 1,37% gays, 0,93% lÃ©sbicas, 0,68% trans e 1,18% pessoa nÃ£o-binÃ¡ria. ğŸ“¸ğŸ˜Š",439969,6834,CklEmOtO2Sj,2964796149010752675,2022-11-05 09:27:44,9,2022-11-05,5,446803
77,Imagem,"Os anunciantes do Twitter estÃ£o caindo apÃ³s a compra da rede social pelo bilionÃ¡rio Elon Musk. Isso porque muitas marcas estÃ£o receosas com as mudanÃ§as que serÃ£o implantadas por Musk, que prometeu mais liberdade de expressÃ£o na rede. AlÃ©m disso, desde que assumiu o controle do Twitter, Elon Musk demitiu boa parte dos funcionÃ¡rios e se tornou o Ãºnico diretor. EITA GENTE! ğŸ“¸ğŸ˜³",121824,1483,CklB9LPuNFU,2964784531702862164,2022-11-05 09:04:39,9,2022-11-05,5,123307
78,Imagem,"ResistÃªncia Ã© o nome da cachorrinha adotada por Lula e Janja depois que o futuro presidente saiu da prisÃ£o. Ela jÃ¡ era alimentada e cuidada pelos militantes que ficavam na porta da PolÃ­cia Federal em Curitiba, onde Lula ficou preso. Quando saiu, ele e Janja decidiram cuidar do animalzinho e a adotaram. ResistÃªncia passou de uma vira-lata que morava nas ruas a futura moradora do PalÃ¡cio da Alvorada. Junto com ela irÃ¡ morar Paris, a outra vira-lata adotada por Janja. MUITO FOFA! ğŸ“¸ğŸ˜",729876,17484,Ckk-pDNuieV,2964769954550392725,2022-11-05 08:35:41,8,2022-11-05,5,747360
79,Imagem,"QUE SAUDADES! ğŸ“¸â¤ï¸
(imagem: reproduÃ§Ã£o internet / instagram)",568649,9809,CkkEZsfu4Z3,2964513812666615415,2022-11-05 00:06:47,0,2022-11-05,5,578458
80,Imagem,"QUEM LEMBRA?! ğŸ“¸ğŸ¥º
(imagem: reproduÃ§Ã£o internet / instagram)",375861,2382,Ckjij4LOP1M,2964364978820808012,2022-11-04 19:11:04,19,2022-11-04,4,378243
81,Imagem,"Sem saber lidar com a interaÃ§Ã£o de @biancaoficial com a @camila_cabello. Ontem foi dia de TBT e a Bianca relembrou o momento icÃ´nico que viveu no palco do Rock in Rio deste ano, quando cantou com cubana. Bianca ainda aproveitou o momento para lembrar que hoje saiu a nova mÃºsica dela, Jogadinha! JÃ ESCUTARAM?! ğŸ“¸ğŸ˜",67825,202,CkjgN9ZOjVd,2964354676502967645,2022-11-04 18:50:36,18,2022-11-04,4,68027
82,Imagem,"O coraÃ§Ã£o de um doador goiano nÃ£o foi enviado a um paciente de SÃ£o Paulo devido aos bloqueios de bolsonarista nas rodovias, de acordo com a Secretaria de Estado de SaÃºde do estado paulista. O doador, que era um jovem de 21 anos, estava internado no Hospital de UrgÃªncias de GoiÃ¢nia e nÃ£o resistiu apÃ³s sofrer um traumatismo crÃ¢nio-encefÃ¡lico. As interdiÃ§Ãµes nas rodovias foram iniciadas na noite de domingo , por apoiadores de Jair Bolsonaro que nÃ£o aceitaram o resultado do segundo turno da eleiÃ§Ã£o. QUE TRISTEZA! ğŸ“¸ğŸ˜“",350109,16535,CkjT0e6ujgL,2964300149233956875,2022-11-04 17:02:16,17,2022-11-04,4,366644
83,Imagem,"Viralizou no Tikt0k um vÃ­deo em que uma adorÃ¡vel labradora surpreende seus tutores apÃ³s rasgar 2 mil dolÃ¡res. O ""acidente"" aconteceu no intervalo de duas horas enquanto eles estavam fora de casa. Kim, o nome da tutora, e o marido moram na FlÃ³rida, nos Estados Unidos. Naquele dia ele teria recebido um pagamento em dinheiro e o deixou sobre a mesa de jantar. Quando voltaram, tiveram a grande surpresa. MORTAA! ğŸ“¸ğŸ˜‚",375357,1466,CkjRKhsOsxt,2964288469900905581,2022-11-04 16:39:04,16,2022-11-04,4,376823
84,VÃ­deo,"O militar Lucas Souza, ex marido da Jojo Todynho, aparece em sua rede social para falar sobre o divÃ³rcio e sobre as Ãºltimas polÃªmicas envolvendo o seu nome. Ele chega a comentar sobre Jojo dizendo: â€œSe vocÃªs gostam tanto dela, seguem ela lÃ¡, ela Ã© uma pessoa maravilhosa, carismÃ¡tica, mas convivam com ela, tÃ¡? VÃ£o lÃ¡, morem com ela, convivam com ela, tenham as experiÃªncias que eu tiveâ€. EITA GENTEE! ğŸ“¸ğŸ˜¬",386429,13616,CkjLpaKvgv3,2964264203847601143,2022-11-04 15:51:19,15,2022-11-04,4,400045
85,Imagem,"Depois de uma dÃ©cada, 'Harry Potter' pode ser revivido. A Warner Bros Discovery estÃ¡ interessada em desenvolver novos filmes de â€œHarry Potterâ€ com os mesmos atores, caso JK Rowling aceite. ANSIOSOS?! ğŸ“¸ğŸ˜",448489,5212,CkjIeIvuAZx,2964250235086833265,2022-11-04 15:23:06,15,2022-11-04,4,453701
86,VÃ­deo,E @osbaroesdapisadinha vem colocando muito homem em #CarreiraSolo pra cantar essa mais nova mÃºsica que jÃ¡ estÃ¡ em todas as plataformas digitais. #OsBarÃµesDaPisadinha sempre entregando mÃºsica boa pra danÃ§ar e curtir neste final de semana. JÃ OUVIRAM?! ğŸ˜ğŸ¬,17903,53,CkjGSmOvUkf,2964240646019041567,2022-11-04 15:04:43,15,2022-11-04,4,17956
87,Imagem,"VEM AÃ GENTE! ğŸ“¸ğŸ˜
(imagem: reproduÃ§Ã£o internet / instagram)",172742,945,CkjDZ8EuAbV,2964227956370048725,2022-11-04 14:38:50,14,2022-11-04,4,173687
88,Imagem,"Um garoto de 8 anos foi atacado por uma cobra venenosa, na vila de Pandarpadh, regiÃ£o central de Chhattisgarh, na Ãndia. O bote ocorreu no quintal da casa da crianÃ§a, mas o veneno nÃ£o aderiu ao seu organismo, e ele sobreviveu. PorÃ©m, apÃ³s o ataque, o menino resolveu morder o rÃ©ptil e a cobra nÃ£o resistiu. MEU DEUS! ğŸ“¸ğŸ˜³",771940,16560,CkjBEUeuMTH,2964217674654598343,2022-11-04 14:18:24,14,2022-11-04,4,788500
89,Imagem,"Uma empresa de telecomunicaÃ§Ãµes chamada Toll Free Forwarding conversou com cientistas sobre as suas expectativas e desenvolveu uma simulaÃ§Ã£o 3D do que pode se tornar o ser humano dos anos 3000. Chamada de Mindy a representaÃ§Ã£o chama atenÃ§Ã£o por ser corcunda, o pescoÃ§o largo, as mÃ£os em formato de garra e ter uma segunda pÃ¡lpebra. Para eles o hÃ¡bito de estar sempre olhando para baixo para a tela de smartphones e computadores impacta diretamente a postura. O cotovelo em 90 graus Ã© tambÃ©m uma consequÃªncia de estar constantemente com ele na posiÃ§Ã£o dobrada para acessar os dispositivos. E Por fim, os responsÃ¡veis pela simulaÃ§Ã£o estimam ainda que os problemas de visÃ£o provocados pelas telas podem levar a uma evoluÃ§Ã£o humana que provoque o desenvolvimento de uma segunda pÃ¡lpebra. CHOCADO! ğŸ“¸ğŸ˜³",530248,6775,Cki7QSLuEM7,2964192108542968635,2022-11-04 13:27:37,13,2022-11-04,4,537023
90,Imagem,"VÃƒO ASSISTIR?! ğŸ“¸ğŸ¤”
(imagem: reproduÃ§Ã£o internet / instagram)",209054,2269,Cki2nxbO8Qx,2964171732404651057,2022-11-04 12:47:08,12,2022-11-04,4,211323
91,Imagem,"Casimiro vai transmitir em live, no seu canal da Twitch, um jogo da copa por dia. Dentre esses, estarÃ£o todas as partidas da SeleÃ§Ã£o Brasileira. O conteÃºdo serÃ¡ disponibilizado de forma gratuita e terÃ¡ comentÃ¡rios do streamer que Ã© sucesso nacional. GOSTARAM?! ğŸ“¸ğŸ¤©",331999,1709,CkiuwEfOuOD,2964137118256522115,2022-11-04 11:38:21,11,2022-11-04,4,333708
92,VÃ­deo,"Depois de oficializar o divÃ³rcio, Jojo Todynho fez uma festa para comemorar e aproveitou pra avisar que a â€œJojozinha da noiteâ€ estÃ¡ de volta. SOCORRO! ğŸ˜‚ğŸ¥",346852,3929,Ckir4x3PzgC,2964124522594121730,2022-11-04 11:15:14,11,2022-11-04,4,350781
93,Imagem,"Christiane Pelajo pediu demissÃ£o da Globo apÃ³s 26 anos na emissora. A jornalista atualmente apresentava o ConexÃ£o GloboNews e explicou que tomou a decisÃ£o pois essa era a ""Hora de buscar outros objetivos"". Algumas das suas maiores coberturas na Globo foram: a morte da princesa Diana, a prisÃ£o de Saddam Hussein e a morte do papa JoÃ£o Paulo 2Âº. AlÃ©m de algumas copas do mundo, como a de 1998 e 2006. MARAVILHOSA! ğŸ“¸ğŸ¤©",93674,421,CkinfpmuyUr,2964105203554133291,2022-11-04 10:34:57,10,2022-11-04,4,94095
94,Imagem,"A Mirella comentou sobre a exposiÃ§Ã£o que Liziane Gutierrez fez sobre a noite dela com o ex-marido de Jojo, Lucas Souza. A funkeira afirmou que o homem foi burro de ficar com alguÃ©m assim e disse que nÃ£o hÃ¡ nada que mude o que jÃ¡ foi feito (para entender, volte 3 posts). O QUE ACHARAM?! ğŸ“¸ğŸ˜³",704472,10011,Ckik-TQuDgL,2964094115726768139,2022-11-04 10:12:55,10,2022-11-04,4,714483
95,Imagem,"CONCORDAM?! ğŸ“¸ğŸ¤”
(imagem: reproduÃ§Ã£o internet / instagram)",275991,7716,CkiiOgDuFJz,2964082034839409267,2022-11-04 09:48:55,9,2022-11-04,4,283707
96,Imagem,"Lucas Souza tambÃ©m se pronunciou sobre o divÃ³rcio com Jojo Todynho. ApÃ³s assinar os papÃ©is, o militar postou que aquele era o dia mais triste de sua vida e que Deus sabe de tudo. EITA GENTE! ğŸ“¸ğŸ˜³",413902,12557,Ckif4pCOWH3,2964071736556478967,2022-11-04 09:28:27,9,2022-11-04,4,426459
97,VÃ­deo,"ApÃ³s ser flagrada com Lucas Souza, o ex de Jojo Todynho, Liziane contou em um podcast os detalhes da noite. Ela considerou Lucas moleque depois que o militar disse nas redes sociais que nunca a pegou. Por esse motivo, Liziane afirmou que nunca mais ficaria com ele. Ao ser questionada sobre a noite, Lizi deu nota 7 para a performance do ex de Jojo. O QUE ACHARAM?! ğŸ˜³ğŸ¥",64514,2351,CkicK56OneE,2964055399440480132,2022-11-04 08:59:12,8,2022-11-04,4,66865
98,VÃ­deo,"Ontem (3/10), Jojo Todynho falou em seu Instagram que jÃ¡ assinou o divÃ³rcio com Lucas Souza e fez um breve desabafo. A funkeira afirmou que estÃ¡ com muita dor no coraÃ§Ã£o e que preferiu o silÃªncio no comeÃ§o para ter paz. Ela tambÃ©m informou que tudo serÃ¡ um recomeÃ§o e que vai comemorar essa fase numa festa de Halloween que ela estÃ¡ organizando. Por fim Jojo desabafou sobre o ex e disse que o Lucas que ela se apaixonou nÃ£o Ã© o mesmo de agora. VCS SHIPPAVAM?! ğŸ¤”ğŸ¥",280442,3202,CkiY4KKrRlD,2964040917086705987,2022-11-04 08:30:13,8,2022-11-04,4,283644
99,Imagem,"GOSTARAM?! ğŸ“¸ğŸ˜±
(imagem: reproduÃ§Ã£o internet / instagram)",173675,8245,CkhcZm6uRI3,2963774934863122999,2022-11-03 23:38:46,23,2022-11-03,3,181920
100,Imagem,"O QUE ACHARAM?! ğŸ“¸ğŸ˜³
(imagem: reproduÃ§Ã£o internet / instagram)",164648,3814,CkhcLK0uNES,2963773942624997650,2022-11-03 23:36:47,23,2022-11-03,3,168462
101,VÃ­deo,"SEMPRE LINDA! â¤ï¸ğŸ¬
(vÃ­deo: reproduÃ§Ã£o internet / instagram)",766145,6326,Ckg5DgDtYpl,2963619484041316965,2022-11-03 18:30:21,18,2022-11-03,3,772471
102,Imagem,"MARAVILHOSA! ğŸ“¸â¤ï¸
(imagem: reproduÃ§Ã£o internet / instagram)",160734,755,Ckg3BMfOUAD,2963610529496121347,2022-11-03 18:12:07,18,2022-11-03,3,161489
103,VÃ­deo,"MEU DEUS! ğŸ˜‚ğŸ¥
(vÃ­deo: reproduÃ§Ã£o internet / instagram)",647216,9440,Ckg0pbcvEev,2963600100200040367,2022-11-03 17:51:37,17,2022-11-03,3,656656
104,Imagem,"O QUE ACHARAM?! ğŸ“¸ğŸ¤”
(imagem: reproduÃ§Ã£o internet / instagram)",138515,2353,CkgyIkcuL5Q,2963589046027730512,2022-11-03 17:29:26,17,2022-11-03,3,140868
105,Imagem,"CHOCADO! ğŸ“¸ğŸ˜³
(imagem: reproduÃ§Ã£o internet / instagram)",440687,2063,Ckgt76eORJI,2963570584135995976,2022-11-03 16:52:45,16,2022-11-03,3,442750
106,Imagem,"JÃ ASSISTIRAM?! ğŸ“¸ğŸ˜
(imagem: reproduÃ§Ã£o internet / instagram)",163856,1158,CkgrkXmOvWo,2963560170048386472,2022-11-03 16:32:04,16,2022-11-03,3,165014
107,VÃ­deo,"SOCORRO! ğŸ˜‚ğŸ¥
(vÃ­deo: reproduÃ§Ã£o insta @ogustavotubarao)",186030,1223,CkgpTDrIDOR,2963550184331555729,2022-11-03 16:12:50,16,2022-11-03,3,187253
108,Imagem,"O zagueiro do Barcelona Gerard PiquÃ©, de 35 anos, surpreendeu a todos e anunciou sua aposentadoria do futebol. Em vÃ­deo emocionado nas redes sociais, o campeÃ£o do mundo em 2010 declarou que a partida deste sÃ¡bado, contra o AlmerÃ­a, no Camp Nou, serÃ¡ a Ãºltima de sua carreira. EITA GENTE! ğŸ“¸ğŸ˜¬",241597,1486,CkgmZYkuglU,2963537424950102356,2022-11-03 15:46:52,15,2022-11-03,3,243083
109,Imagem,"Uma mulher, de 23 anos, teve a prisÃ£o preventiva decretada, na Ãºltima quinta-feira (27/11), apÃ³s deixar um bebÃª, de cinco meses, sozinho em casa para sair para beber. O caso foi registrado na cidade de Maricopa, no estado do Arizona (EUA). E A NOÃ‡ÃƒO?! ğŸ“¸ğŸ˜³",272522,1948,Ckgh8pEuI0S,2963517857615875346,2022-11-03 15:08:00,15,2022-11-03,3,274470
110,VÃ­deo,"O funkeiro MC Daniel foi na loja do @brunovinicius e desembolsou mais de 65 mil reais, batendo o recorde da Dra Deolane, que era de 61 mil. Apesar da grande quantia, ambos dizem que nÃ£o Ã© ostentaÃ§Ã£o: â€œÃ© superaÃ§Ã£oâ€. PODEROSO APENAS NÃ‰?! ğŸ˜ğŸ¬",301226,2403,Ckgd4HJLQft,2963499954119444461,2022-11-03 14:32:46,14,2022-11-03,3,303629
111,Imagem,"Segundo o ObservatÃ³rio da Tv, a Globo definiu que Marina Ruy Barbosa serÃ¡ a protagonista de FuzuÃª, futura novela das sete. A trama estreia em agosto de 2023.
Na histÃ³ria de Gustavo Reiz, a atriz interpretarÃ¡ Luana, uma vendedora de biojoias que serÃ¡ uma das envolvidas no mistÃ©rio de um tesouro enterrado embaixo de uma loja. ANSIOSOS?! ğŸ“¸ğŸ˜",214930,1622,CkgbMoQuYrC,2963488169929575106,2022-11-03 14:09:01,14,2022-11-03,3,216552
112,Imagem,"Um grupo de alunas da Escola Sesi de GravataÃ­, no RS, desenvolveu um copo que conta com um reagente quÃ­mico capaz de identificar em segundos a presenÃ§a em bebidas do Ã¡cido gama-hidroxibutÃ­rico, conhecido popularmente como o ""Boa noite Cinderela"". O GHB Ã© usado por criminosos no intuito de dopar as vÃ­timas deixando-as vulnerÃ¡veis a sequestros, roubos, assaltos e abus0s sexu4is. O item foi criado pelas estudantes Natally Souza, de 16 anos, Giovanna Freitas, Giovanna Moraes e Nicolli Marques, de 17, que dizem ter se preocupado com a quantidade de casos de vi0lÃªnci4 contra a mulher com o uso da substÃ¢ncia que estavam sendo veiculados na mÃ­dia. VIVA A CIÃŠNCIA! ğŸ“¸ğŸ˜",473373,3568,CkgYb4quick,2963476024198309668,2022-11-03 13:44:53,13,2022-11-03,3,476941
113,Imagem,"O ex-casal Karoline e MilitÃ£o  chegaram a um acordo sobre a pensÃ£o de CecÃ­lia, filha dos dois. De acordo com o Jornal Extra, ficou definido que o jogador do Real Madri deve pagar seis salÃ¡rios mÃ­nimos, o equivalente a R$ 7.272,00, a tÃ­tulo de alimentos para CecÃ­lia. MilitÃ£o tambÃ©m vai arcar com todos os custos da educaÃ§Ã£o da menina, com pagamento de atividades extracurriculares ilimitadas para a filha. O plano de saÃºde, a babÃ¡, a empregada e metade do aluguel de onde a bebÃª for morar com a mÃ£e tambÃ©m serÃ¡ pago pelo zagueiro. O acordo ainda prevÃª os custos de um carro com motorista para transporte da filha. Segundo o jornal espanhol Marca, o pai de CecÃ­lia ganha cerca de 7 milhÃµes de euros (36 milhÃµes de reais) por ano, sem contar os bÃ´nus das premiaÃ§Ãµes e publicidade. O QUE ACHARAM?! ğŸ“¸ğŸ¤”",396485,6703,CkgUYIGOwIk,2963458173701915172,2022-11-03 13:09:25,13,2022-11-03,3,403188
114,Imagem,"A @americanas deixou vazar no Twitter, a lista com os nomes dos influenciadores que vÃ£o estar nas duas superlives neste mÃªs de novembro. Nomes renomados como Gil do Vigor, Felipe Neto, Gkay e Lucas Rangel aparecem na lista vazada. VEM AÃ GENTE?! ğŸ“¸ğŸ˜",261005,3891,CkgSNWXOgYM,2963448637012182540,2022-11-03 12:50:28,12,2022-11-03,3,264896
115,Imagem,"O Whindersson postou no Twitter sobre o assÃ©dio que â€œsofreâ€ das mulheres mais velhas. Em tom de piada, o humorista brincou para que deixem as mÃ£es longe dele e se declarou como terror das seminovas. SOCORRO! ğŸ“¸ğŸ˜‚",204259,1720,CkgNPD_ucXv,2963426764496946671,2022-11-03 12:07:00,12,2022-11-03,3,205979
116,Imagem,"GIGANTE, TÃ?! ğŸ“¸ğŸ˜
(imagem: reproduÃ§Ã£o internet / instagram)",286812,2445,CkgGkJPuG7m,2963397426917437158,2022-11-03 11:08:43,11,2022-11-03,3,289257
117,Imagem,"De acordo com o jornalista Matheus Baldi, a plateia do BBB em dia de eliminaÃ§Ã£o estarÃ¡ de volta na prÃ³xima ediÃ§Ã£o do reality. Desde marÃ§o de 2020, a plateia foi retirada do programa devido a p4ndemi4 da C0v1d-19. QUE TUDOO! ğŸ“¸ğŸ¤©",323174,1526,CkgEQcjukEX,2963387277171638551,2022-11-03 10:48:33,10,2022-11-03,3,324700
118,Imagem,"Cinco leÃµes fugiram da Ã¡rea de exibiÃ§Ã£o de um zoolÃ³gico em Sydney, na AustrÃ¡lia. Visitantes e funcionÃ¡rios precisaram ser levados para Ã¡reas seguras no local, enquanto os animais eram redirecionados Ã  jaula. No local, os felinos sÃ£o contidos por uma cerca de dois metros, no entanto uma delas deu defeito e eles conseguiram sair. Eram quatro filhotes e um adulto. NinguÃ©m ficou ferido. QUE SUSTO! ğŸ“¸ğŸ˜±",168996,498,CkgB_bhuAK2,2963377311740068534,2022-11-03 10:28:45,10,2022-11-03,3,169494
119,Imagem,"O aplicativo tambÃ©m lanÃ§ou a opÃ§Ã£o de â€œComunidadesâ€, que vai funcionar como um lugar para que as pessoas administrem grupos que falam sobre os mesmos assuntos, como se eles fossem um sÃ³. No entanto esse recurso sÃ³ chega ao Brasil em 2023. GOSTARAM?! ğŸ“¸ğŸ¤”",458924,3136,Ckf-HznOWjS,2963360295172008146,2022-11-03 09:54:57,9,2022-11-03,3,462060
120,Imagem,"Segundo o TMZ, Johnny Depp serÃ¡ um convidado de destaque no desfile da marca de lingerie da cantora Rihanna. Depp recentemente passou por um intenso julgamento em que era acusado de viol3nc1a domÃ©stica contra sua ex-mulher Amber. O ator foi inocentado. O QUE ACHARAM?! ğŸ“¸ğŸ¤”",111671,549,Ckf7z9zO0FL,2963350135628317003,2022-11-03 09:34:46,9,2022-11-03,3,112220
121,VÃ­deo,"Na Bahia, uma mulher destruiu 15 caixas eletrÃ´nicos de uma agÃªncia bancÃ¡ria apÃ³s um ataque de fÃºria por nÃ£o conseguir sacar dinheiro. Ela utilizou uma pedra para danificar os caixas e todos eles terÃ£o que ser substituÃ­dos. A mulher fugiu do local e atÃ© hoje nÃ£o foi encontrada pela polÃ­cia. MEU DEUS! ğŸ˜±ğŸ¥",220765,4852,Ckf2kBSsmqh,2963327049633262241,2022-11-03 08:49:05,8,2022-11-03,3,225617
122,Imagem,"QUEM DEVE FICAR?! ğŸ“¸ğŸ¤”
(imagem: reproduÃ§Ã£o internet / instagram)",126431,14016,Cke6BefOJrX,2963060793009543895,2022-11-02 23:59:53,23,2022-11-02,2,140447
123,Imagem,"GOSTARAM?! ğŸ“¸ğŸ¤ 
(imagem: reproduÃ§Ã£o internet / instagram)",153441,3596,Cke5oJBuuUf,2963059051979269407,2022-11-02 23:56:26,23,2022-11-02,2,157037
124,VÃ­deo,"MARAVILHOSA! ğŸ˜ğŸ¥
(vÃ­deo: reproduÃ§Ã£o globoplay / rede globo)",523488,5573,Cke0wBcrKhI,2963037603364644936,2022-11-02 23:14:09,23,2022-11-02,2,529061
125,VÃ­deo,"A repÃ³rter Vanessa Medeiros, da TV Tribuna, afiliada da Rede Globo no litoral de SÃ£o Paulo, sofreu uma queda de pressÃ£o durante uma entrada ao vivo em frente Ã  delegacia de SÃ£o Vicente. A profissional chegou a dizer que estava se sentindo mal antes perder as forÃ§as e cair. Ela foi socorrida pelo repÃ³rter cinematogrÃ¡fico Fernando Skillo. A jornalista estÃ¡ consciente e passa bem. MEU DEUS! ğŸ˜³ğŸ¥",412882,3377,CkeruM3ui3M,2962997895772122572,2022-11-02 21:55:12,21,2022-11-02,2,416259
126,VÃ­deo,"URGENTE: Presidente Jair Bolsonaro pede para que manifestantes parem de bloquear rodovias. Presidente reconheceu que seus eleitores estÃ£o tristes, assim como ele, mas que as manifestaÃ§Ãµes nÃ£o podem cercear o direito de ir e vir e prejudicar a economia. O QUE ACHARAM?! ğŸ˜³ğŸ¬",750033,24929,CkecnS3AFT_,2962931450468390143,2022-11-02 19:43:15,19,2022-11-02,2,774962
127,Imagem,"Uma famÃ­lia australiana resolveu lidar com a perda de seu cachorro de estimaÃ§Ã£o de uma maneira um pouco inusitada. Eles transformaram o animal em um tapete. Para preservar as caracterÃ­sticas do cachorro, como a pele, o pelo e o tamanho, eles submeteram o corpo do Golden Retriever ao processo de taxidermia, o mesmo utilizado em ursos transformados em decoraÃ§Ã£o. CHOCADO! ğŸ“¸ğŸ˜³",427524,12301,CkeCHn1OgeZ,2962814924754651033,2022-11-02 15:51:23,15,2022-11-02,2,439825
128,Imagem,"De acordo com um levantamento que analisou mais de um milhÃ£o de pessoas. Os pesquisadores chegaram Ã  conclusÃ£o que beber pelo menos quatro xÃ­caras de chÃ¡ diariamente pode reduzir chances da doenÃ§a em um perÃ­odo de 10 anos. E AÃ, VOCÃŠS TOMAM?! ğŸ“¸ğŸ˜",274057,1316,Ckd_s9puMhL,2962804296665057355,2022-11-02 15:30:17,15,2022-11-02,2,275373
129,VÃ­deo,"ÃCONE! KKKKKK ğŸ˜‚ğŸ¬
(vÃ­deo: reproduÃ§Ã£o internet / instagram)",450157,12242,Ckd8bEQA-6W,2962789872659852950,2022-11-02 15:01:55,15,2022-11-02,2,462399
130,Imagem,"QUE FOFURA! ğŸ“¸ğŸ˜
(imagem: reproduÃ§Ã£o internet / instagram)",134748,319,Ckd6JwaOB9V,2962779887032082261,2022-11-02 14:41:47,14,2022-11-02,2,135067
131,Imagem,"MARAVILHOSA! ğŸ“¸ğŸ˜
(imagem: reproduÃ§Ã£o internet / instagram)",161100,1469,CkdzTlOuu_9,2962749775897358333,2022-11-02 13:41:57,13,2022-11-02,2,162569
132,Imagem,"Uma mulher norte-americana, grÃ¡vida de sete meses, deu Ã  luz dentro de um aviÃ£o, durante uma viagem com a famÃ­lia em direÃ§Ã£o Ã  RepÃºblica Dominicana. O que ela nÃ£o esperava era que o nascimento se adiantasse em seis semanas. Foi assim que veio ao mundo Skylen - a palavra em inglÃªs â€œskyâ€ quer dizer cÃ©u. MEU DEUS! ğŸ“¸ğŸ˜‚",187949,898,CkdxCy8uMBD,2962739826303483971,2022-11-02 13:22:11,13,2022-11-02,2,188847
133,Imagem,"Segundo a revista People, o quarterback fez de tudo para nÃ£o encerrar a relaÃ§Ã£o com a modelo brasileira. Uma delas foi tentar a terapia de casal. No entanto, a modelo optou pelo fim. Isso porque a atitude de Brady aconteceu tarde demais. Ainda de acordo com a revista, a modelo brasileira teria vivido a sua vida sozinha durante anos, mesmo dentro do relacionamento. EITA GENTE! ğŸ“¸ğŸ¥º",130457,532,Ckdts7wuyTR,2962725129797969105,2022-11-02 12:52:59,12,2022-11-02,2,130989
134,VÃ­deo,"ApÃ³s 13 anos de espera, a sequÃªncia de â€œAvatarâ€ estÃ¡ cada vez mais prÃ³xima. O longa irÃ¡ estrear no prÃ³ximo dia 15 de dezembro e hoje (02/11) o Ãºltimo trailer foi divulgado. VÃƒO ASSISTIR?! ğŸ¤©ğŸ¥",382490,2786,CkdnxZTgt1v,2962699048118836591,2022-11-02 12:03:10,12,2022-11-02,2,385276
135,Imagem,"O caso aconteceu na China e o homem justificou a atitude afirmando que pensa no melhor pro futuro dos familiares e nÃ£o quer que a esposa e o filho se tornem preguiÃ§osos arrogantes: ""Eu nÃ£o contei para minha esposa ou filho. Estou preocupado que eles possam se sentir superiores a outras pessoas e nÃ£o trabalharÃ£o ou estudarÃ£o muito no futuro"", disse ele. O QUE ACHARAM?! ğŸ“¸ğŸ¤”",423236,4908,Ckdj2ZEOXP6,2962681799273706490,2022-11-02 11:26:54,11,2022-11-02,2,428144
136,Imagem,"Luan Santana vai ganhar um especial de fim de ano da Globo. O programa ""Som Brasil"" farÃ¡ uma homenagem aos 15 anos de carreira do cantor. A produÃ§Ã£o faz parte da grade de especiais de fim de ano da emissora e vai ao ar em 26 de dezembro. VÃƒO ASSISTIR?! ğŸ“¸ğŸ¤©",149665,2430,CkdgGzWOMsk,2962665334818523940,2022-11-02 10:54:11,10,2022-11-02,2,152095
137,ColeÃ§Ã£o,"Lucas Souza, ex-marido de Jojo Todynho e Liziane Gutierrez, estavam ficando nessa madrugada em uma casa de shows no Rio de Janeiro. Quem estava lÃ¡, afirmou que o clima entre os dois era de romance e eles atÃ© transitavam de mÃ£os dadas pela boate. EITA GENTE! ğŸ“¸ğŸ˜³",754670,30483,CkdbpOnuBpe,2962645710332762718,2022-11-02 10:15:12,10,2022-11-02,2,785153
138,Imagem,"Uma jovem indiana de 23 anos sofreu um acidente de moto quando estava grÃ¡vida de pouco mais de um mÃªs. Ela foi internada e seguiu inconsciente nos meses seguintes. Ainda em coma, a equipe mÃ©dica realizou o parto da mulher cerca de 7 meses apÃ³s o acidente. Ela deu Ã  luz a uma menina saudÃ¡vel. Os mÃ©dicos tÃªm esperanÃ§a que um dia a jovem acorde e conheÃ§a a filha. MEU DEUS! ğŸ“¸ğŸ˜±",377486,1029,CkdUsIbuA3q,2962615123521834474,2022-11-02 09:14:25,9,2022-11-02,2,378515
139,Imagem,"Mariana Varela e Fabiola ValentÃ­n, que jÃ¡ ganharam o tÃ­tulo de Miss Argentina e Miss Porto Rico, anunciaram que se casaram atravÃ©s de um vÃ­deo nas redes sociais. O namoro comeÃ§ou apÃ³s as duas participaram do concurso de beleza Miss Grand International e se apaixonarem. MARAVILHOSAS! ğŸ“¸ğŸ˜",440153,3176,CkdOmu_Os4N,2962588364323868173,2022-11-02 08:21:15,8,2022-11-02,2,443329
140,Imagem,"QUEM GANHA?! ğŸ“¸ğŸ¤ 
(imagem: reproduÃ§Ã£o internet / instagram)",205410,15521,CkcWBjXOraE,2962339518616352388,2022-11-02 00:06:51,0,2022-11-02,2,220931
141,VÃ­deo,"QUE BARRACO! ğŸ˜³ğŸ¥
(vÃ­deo: reproduÃ§Ã£o playplus / record tv)",567802,14656,CkcQI2iD1eQ,2962313631956424592,2022-11-01 23:15:44,23,2022-11-01,1,582458
142,Imagem,SeleÃ§Ã£o feminina tem seu melhor resultado no Mundial de GinÃ¡stica ArtÃ­stica e finaliza participaÃ§Ã£o em 4Âº lugar. A competiÃ§Ã£o aconteceu em Liverpool e as meninas sÃ³ deram orgulho Ã  naÃ§Ã£o. MARAVILHOSAS! ğŸ“¸ğŸ˜,131016,321,CkbsKhYyIOk,2962155417016763300,2022-11-01 18:01:04,18,2022-11-01,1,131337
143,VÃ­deo,"MEU DEUSSS! ğŸ˜³ğŸ¥
(vÃ­deo: reproduÃ§Ã£o internet / instagram)",495539,11137,CkbmtMRJFFA,2962131411242602816,2022-11-01 17:13:45,17,2022-11-01,1,506676
144,VÃ­deo,"Em primeiro pronunciamento apÃ³s eleiÃ§Ã£o, Bolsonaro nÃ£o reconhece derrota. O presidente Jair Bolsonaro permaneceu em silÃªncio por mais de 44 horas apÃ³s a vitÃ³ria de Luiz InÃ¡cio Lula da Silva no segundo turno O QUE ACHARAM?! ğŸ˜³ğŸ¬",684667,47411,CkbkFPHvhI3,2962119869434040887,2022-11-01 16:50:50,16,2022-11-01,1,732078
145,Imagem,"A CNN Brasil informa que Jair Bolsonaro pretende viajar no fim do ano para nÃ£o passar a faixa para Lula. Quem irÃ¡ passar a faixa presidencial para o Presidente eleito Lula, serÃ¡ o vice-presidente, Hamilton MourÃ£o. E AÃ, O QUE ACHARAM?! ğŸ“¸ğŸ¤”",839413,59460,CkbZ577OFK8,2962075112443499196,2022-11-01 15:21:31,15,2022-11-01,1,898873
146,VÃ­deo,"A cantora Jojo Todynho rebate LÃ©o Dias, apÃ³s o colunista publicar uma matÃ©ria afirmando que a Jojo teria flagrado o ex-marido Lucas Souza aos beijos com uma mulher, numa boate no Rio de Janeiro e que ela teria caÃ­do ao choro apÃ³s ter visto toda a cena. Ela chega a chamar o jornalista de â€œovo moleâ€. OLHA A TRETA! ğŸ˜³ğŸ¥",292215,4039,CkbQoj0OTJd,2962034335906607709,2022-11-01 14:00:46,14,2022-11-01,1,296254
147,Imagem,"A Netflix cancelou a sÃ©rie â€œFate: A Saga Windowsâ€, que era baseada no desenho animado â€œWinxâ€. A trama teve duas temporadas e ficou sem um capÃ­tulo final. VCS GOSTAVAM?! ğŸ“¸ğŸ¥º",425761,27747,CkbH5VtutzS,2961995906577784018,2022-11-01 12:44:09,12,2022-11-01,1,453508
148,Imagem,"O longa Ã© um sucesso nos EUA e ficou famoso por causar diversos ataques de pÃ¢nico, desmaios e vÃ´mitos nas salas de cinema. Muitos que jÃ¡ assistiram afirmam que ele Ã© o filme mais assustador de todos os tempos. VÃƒO ASSISTIR?! ğŸ“¸ğŸ˜³",572317,10822,CkbFg_RuiS4,2961985437125190840,2022-11-01 12:23:21,12,2022-11-01,1,583139
149,Imagem,"VCS SHIPPAVAM?! ğŸ“¸ğŸ¤”
(imagem: reproduÃ§Ã£o internet / instagram)",358836,4649,CkbBgklun8T,2961967816283684627,2022-11-01 11:48:20,11,2022-11-01,1,363485
