,post_order,data_comentario,texto_comentario,autor_comentario,likes_comentario,data_resposta,texto_resposta,autor_resposta,likes_resposta,id_comentario
0,15,2022-04-30,feia,__gabibf,0.0,2022-08-24 01:13:13,@__gabibf ğŸ˜¢,vtrbrasil,0.0,1.817503513020232e+16
1,15,2022-04-29,TÃ£o linda ğŸ’™ğŸ˜ q rolÃª incrÃ­vel,ortiz_mateus_,1.0,2022-04-29 22:52:02,@m.ortiz.f mas faltou vc,vtrbrasil,1.0,1.8011157538399536e+16
2,15,2022-04-29,AMOR DA MINHA VIDA ğŸ’,nascimentoj1,2.0,2022-04-29 22:28:53,@nascimentoj1 vc da minha ğŸ˜,vtrbrasil,0.0,1.7947222411800274e+16
3,15,2022-04-29,"Meninaaaa, te conhecir crianÃ§a, te carregava no colo, cantei pra te dormir. Hoje minha menina mulher.â¤ï¸â¤ï¸",mpaz346,3.0,2022-04-29 22:29:06,@mpaz346 te amo mÃ£e â¤ï¸,vtrbrasil,1.0,1.7951852161841026e+16
4,15,2022-04-29,â¤ï¸ğŸ˜ğŸ˜â¤ï¸ğŸ˜â¤ï¸,brasilsuellen,1.0,,,,,1.7927164709260268e+16
5,15,2022-04-29,lindaaa,fabiannythomaz,1.0,,,,,1.7867906234703504e+16
6,15,2022-04-29,ğŸ˜ğŸ˜,josy_venialgo,1.0,,,,,1.7947285024802976e+16
7,15,2022-04-29,Lindaaa demais ela. Amo â¤ï¸,gabriela.s.santos24,1.0,2022-04-29 22:29:48,@gabriela.s.santos24 aaaa te amo amiga,vtrbrasil,1.0,1.7918984393277212e+16
8,15,2022-04-29,ğŸ˜ğŸ˜ğŸ˜ğŸ˜,carvalhorodriges_,1.0,,,,,1.829680573903703e+16
9,15,2022-04-29,PUTA MERDA EIN FIUFIU,guilhermealm._,1.0,,,,,1.7872783931683244e+16
10,15,2022-04-29,linda,ernanesss,1.0,2022-04-29 22:30:20,@ernanesss obrigada ğŸ¥°,vtrbrasil,0.0,1.7917245431310536e+16
0,14,2022-01-19,ğŸ˜ğŸ˜,williamdesergio,1.0,,,,,1.822264238209632e+16
1,14,2022-01-19,"Linda, titia jÃ¡ estÃ¡ a com saudadeğŸ™Œâ¤ï¸",anny.ecleo,1.0,2022-01-20 17:54:30,"@anny.ecleo obrigada, sdd tbm â¤ï¸",vtrbrasil,0.0,1.796557274852264e+16
2,14,2022-01-19,afrodite passando mal agora,regyyyna,2.0,2022-01-20 17:53:58,@regyyyna iti â¤ï¸,vtrbrasil,0.0,1.7900008286354274e+16
3,14,2022-01-19,q u e  m u l h e r,regyyyna,1.0,,,,,1.795194104858308e+16
4,14,2022-01-19,oxigÃªnio oxigÃªnio pfvr,regyyyna,2.0,,,,,1.7967780022511292e+16
5,14,2022-01-19,Minha lindonaâ¤ï¸â¤ï¸,mpaz346,1.0,2022-01-20 17:54:06,@mpaz346 ğŸ˜ğŸ˜,vtrbrasil,0.0,1.7984921740413292e+16
6,14,2022-01-19,"para, por obsÃ©quio, pare de roubar a beleza nacional ğŸ˜¡ğŸ˜¡",g4briew_,1.0,2022-01-19 11:48:28,@g4briew_ sÃ³ quando tu parar tambÃ©m,vtrbrasil,1.0,1.8018685141333756e+16
7,14,2022-01-19,Muito linda a beleza Ã© de famÃ­lia mesmo ğŸ™Œâ¤ï¸,iaspazs_,1.0,2022-01-19 11:48:11,@iaspazs_ ğŸ—£ğŸ—£,vtrbrasil,0.0,1.7928332255014196e+16
8,14,2022-01-19,â¤ï¸ğŸ”¥,lucianaal22,1.0,,,,,1.7880773261613588e+16
9,14,2022-01-19,Virou modelo nÃ© mana,carvalhorodriges_,1.0,2022-01-19 11:48:01,@carvalhorodriges_ quer me agenciar?,vtrbrasil,0.0,1.7913788033335226e+16
10,14,2022-01-19,Lindaaaaaaa,gabriela.s.santos24,1.0,2022-01-19 11:47:22,@gabriela.s.santos24 ğŸ˜,vtrbrasil,0.0,1.7942525023767676e+16
11,14,2022-01-19,Lindaaaaaa,moraes.r.jenifer,1.0,,,,,1.7843508887714476e+16
12,14,2022-01-19,QUE MULHER LINDA MEU DEUS,fabiannythomaz,1.0,2022-01-19 11:47:11,@fabiannythomaz vocÃª amiga â¤ï¸,vtrbrasil,0.0,1.7946728740725848e+16
13,14,2022-01-19,meu deus do cÃ©u chamem a policia avisem qhe tem uma arte faltando no museu,fabiannythomaz,1.0,2022-01-19 11:46:45,@fabiannythomaz ğŸ—£ğŸ—£,vtrbrasil,0.0,1.7902789847334748e+16
14,14,2022-01-18,Apaixonei,_nicolemanacas,1.0,,,,,1.801984835535917e+16
15,14,2022-01-18,Linda do krlh,_nicolemanacas,1.0,2022-01-19 11:46:13,"@_nicolemanacas100 obrigada, xuxu â¤ï¸",vtrbrasil,0.0,1.8144257584223056e+16
16,14,2022-01-18,NAO RESPIRO,__gabibf,1.0,,,,,1.7895427991461854e+16
17,14,2022-01-18,JESUS EU NÃƒO TAVA PREPARADA E OLHA QUE EU SABIA QUE VINHA,__gabibf,1.0,2022-01-19 01:51:13,@__lmp1 o lacre da mana foi forte,__gabibf,1.0,1.7846428880709348e+16
18,14,,,,,2022-01-19 11:45:24,@__gabibf KKKKKKKKKK,vtrbrasil,1.0,
19,14,,,,,2022-01-18 23:59:40,@__gabibf UM CHOQUE MANA UM CHOQUE,__lmp1,1.0,
20,14,2022-01-18,sou APAIXONADA,yasminncalmon,1.0,2022-01-19 11:45:14,@yasminncalmon eu que sou por ti ğŸ˜,vtrbrasil,0.0,1.795654735653712e+16
21,14,2022-01-18,LINDA!!!ğŸ™Œâ¤ï¸â¤ï¸â¤ï¸,yasminncalmon,1.0,,,,,1.7904752798436524e+16
22,14,2022-01-18,â¤ï¸ğŸ”¥,_naraoliveira,1.0,,,,,1.7872119416637134e+16
23,14,2022-01-18,Amo demais â¤ï¸,__lmp1,1.0,2022-01-19 11:44:46,@__lmp1 te amo amigoâ¤ï¸,vtrbrasil,1.0,1.8277442776014944e+16
24,14,2022-01-18,Gotosa pra crl,__lmp1,1.0,,,,,1.796871934950515e+16
25,14,2022-01-18,Egua da mulher linda,__lmp1,1.0,,,,,1.793823644285118e+16
0,13,2022-01-06,Eita gostosa atÃ© de costa ğŸ˜®,__gabibf,1.0,2022-01-07 00:49:00,@vtrbrasil KKKKKKKKKKKKKKKKKK como sabes ğŸ˜,__gabibf,0.0,1.784352224070974e+16
1,13,,,,,2022-01-06 21:50:54,@__gabibf vocÃª,vtrbrasil,1.0,
2,13,,,,,2022-01-07 19:21:03,@__gabibf 10cubra #faleitoleve,vtrbrasil,1.0,
3,13,2022-01-06,arte viva na casa das onze janelas,yasminncalmon,1.0,2022-01-06 21:50:37,@yasminncalmon ğŸ˜ğŸ˜ğŸ˜,vtrbrasil,0.0,1.7931307774936426e+16
4,13,2022-01-06,ğŸ˜ğŸ˜ğŸ˜,yasminncalmon,1.0,,,,,1.795572253960231e+16
5,13,2022-01-05,TE AMO,nascimentoj1,1.0,2022-01-06 01:01:23,@nascimentoj1 te amo â¤ï¸,vtrbrasil,0.0,1.811871748026961e+16
6,13,2022-01-05,Minha amiga Ã© tumblr,nascimentoj1,1.0,2022-01-06 01:01:15,@nascimentoj1 ce viu,vtrbrasil,0.0,1.7993624710409532e+16
7,13,2022-01-05,â¤ï¸â¤ï¸â¤ï¸â¤ï¸,joyalvarenga_,1.0,,,,,1.7915616242250464e+16
0,12,2021-10-25,TÃƒO PERFEITAAAAAAAAâ¤ï¸â¤ï¸â¤ï¸â¤ï¸â¤ï¸,nascimentoj1,1.0,2021-10-25 16:27:27,"@nascimentoj1 vocÃª, bebÃª",vtrbrasil,0.0,1.7934228637668034e+16
1,12,2021-10-24,Lindaa,alevivs_,1.0,2021-10-25 16:27:44,"@alevivs_ obrigada, gatona â¤ï¸",vtrbrasil,0.0,1.7932576258751986e+16
2,12,2021-10-24,Jesus apaga a luz que isso,__gabibf,1.0,,,,,1.7946498385583188e+16
3,12,2021-10-24,Linda bonita inteligente etc e tal,regyyyna,1.0,2021-10-25 16:28:17,@regyyyna Iti ğŸ˜,vtrbrasil,0.0,1.7893571474408056e+16
4,12,2021-10-24,Ariel tÃ¡ diferente,regyyyna,1.0,,,,,1.7957200381480026e+16
5,12,2021-10-24,VictÃ³ria na Paz âœŒğŸ»ğŸ˜—,vtsaint_,1.0,2021-10-25 16:31:03,@vtsaint_ na tranquilidade ğŸ˜,vtrbrasil,1.0,1.7898015062266036e+16
6,12,2021-10-24,â¤ï¸ğŸ˜,_naraoliveira,1.0,,,,,1.80957761562848e+16
7,12,2021-10-24,"Linda, uma sereia â¤ï¸",gabriela.s.santos24,1.0,,,,,1.7909244488169196e+16
8,12,2021-10-24,"Vitoriaaaa, vais quebrar esse site, mulher ğŸ˜",gabriela.s.santos24,1.0,2021-10-25 16:28:07,@gabriela.s.santos24  para que eu vou ficar metida,vtrbrasil,1.0,1.7930858026800412e+16
0,11,2021-10-24,Lindaaaa do mano! Amo tantoooo. volta logo pra Floripa sua lindağŸ˜ğŸ˜,linnogomes_,1.0,2021-10-28 15:57:26,"@linnogomes_  aii obrigada, jaja tÃ´ aÃ­ ğŸ˜",vtrbrasil,1.0,1.792951677783457e+16
1,11,2021-10-24,Linda â¤ï¸,marcus_aquino,1.0,,,,,1.7857873763616484e+16
2,11,2021-10-24,ğŸ˜®â¤ï¸â¤ï¸,g4briew_,1.0,,,,,1.7907770297080972e+16
3,11,2021-10-24,Deu fraqueza aquiğŸ¤¤,__lmp1,1.0,,,,,1.7924850421808094e+16
4,11,2021-10-24,"Volta logooooooo, maravilhosaaaaaaa",oliversjef,1.0,2021-10-24 15:30:24,@oliversjef comecinho de janeiro tÃ´ aÃ­ ğŸ™Œ,vtrbrasil,0.0,1.7908349084302004e+16
5,11,2021-10-24,"Nossa que linda, volta logo ğŸ˜",lucianaal22,1.0,2021-10-24 15:30:46,@lucianaal22 obrigada â¤ï¸,vtrbrasil,0.0,1.7916878842929108e+16
6,11,2021-10-24,Mai bonita que um Ford Montana novo!!!!!,felcosss,1.0,,,,,1.795508512948704e+16
7,11,2021-10-24,Gatona.. pode voltar pra Floripa.. jÃ¡ estou com saudades.. ğŸ˜,aryrodriguesss,1.0,2021-10-24 10:26:23,@aryrodriguesss jaja tÃ´ de volta ğŸ˜Œ,vtrbrasil,1.0,1.7896171586299664e+16
8,11,2021-10-24,Vemmmmm verÃ£o se fosse hÃ©tero jÃ¡ estava na sua sua todinhooooooo ğŸ˜‚â¤ï¸ğŸ˜‚â¤ï¸ğŸ˜‚â¤ï¸ğŸ˜‚â¤ï¸,mykaelferraz,1.0,2021-10-24 10:26:42,@mykaelferraz  kkkkkkkkkkkkkkkkk,vtrbrasil,0.0,1.7876785019566e+16
9,11,2021-10-24,"Gata pra caralho, quero esse calor aqui..ğŸ”¥ğŸ‘volta logo que floripa te quer ğŸ˜",rafazachert,1.0,2021-10-24 10:27:30,@rafazachert obrigadaa ğŸ¥° Logo logo eu chego,vtrbrasil,0.0,1.7920066528891012e+16
10,11,2021-10-24,Meus olhos encheramnmmm puta merda que meninaaaa lindaaa,mykaelferraz,1.0,,,,,1.7941397215624712e+16
11,11,2021-10-24,Que mulher Ã© essa,mykaelferraz,1.0,,,,,1.7871280484604334e+16
12,11,2021-10-24,ğŸ”¥ğŸ”¥ğŸ”¥ğŸ”¥ğŸ”¥,mykaelferraz,1.0,,,,,1.796915297245988e+16
13,11,2021-10-24,Meu Deus que sÃ©tima maravilha ğŸ¤©,mykaelferraz,1.0,2021-10-24 10:28:13,@mykaelferraz Obrigadaa ğŸ˜,vtrbrasil,0.0,1.7948704198571372e+16
14,11,2021-10-24,â¤ï¸â¤ï¸â¤ï¸â¤ï¸â¤ï¸,mykaelferraz,1.0,,,,,1.802461045632243e+16
15,11,2021-10-24,Maravilhosa da mandaâ¤ï¸ğŸ˜,brasilsuellen,2.0,2021-10-24 10:28:39,@brasilsuellen ğŸ˜ğŸ˜,vtrbrasil,0.0,1.8185406802176624e+16
16,11,2021-10-24,LindağŸ‘,correaalciene,1.0,,,,,1.7938888027612604e+16
17,11,2021-10-24,DEUS OBRIGADA POR TER OLHOSğŸ™Œ,nascimentoj1,1.0,,,,,1.8015533320321068e+16
18,11,2021-10-24,A MULHER MARAVILHA ATACA NOVAMENTE,nascimentoj1,1.0,2021-10-24 10:36:23,@nascimentoj1 faltou meu bonde,vtrbrasil,0.0,1.7908791665073044e+16
19,11,2021-10-24,ğŸ˜,_naraoliveira,1.0,,,,,1.7908632614183592e+16
20,11,2021-10-23,Linda demaiisss â¤ï¸,ortiz_mateus_,1.0,2021-10-24 10:29:39,@ortiz.dwg Obrigada â¤ï¸â¤ï¸,vtrbrasil,0.0,1.7930675128769292e+16
21,11,2021-10-23,ğŸ˜,regyyyna,1.0,,,,,1.8261473263005484e+16
22,11,2021-10-23,fiquei sem batimentos cardÃ­acos por 5 segundos,__gabibf,1.0,,,,,1.7911640522137248e+16
23,11,2021-10-23,Meu Deus my God ave Maria,__gabibf,1.0,,,,,1.7884133645472412e+16
24,11,2021-10-23,Saudades,lah.riker,1.0,2021-10-24 10:30:54,@lah.riker saudades lindona,vtrbrasil,0.0,1.790003411634006e+16
25,11,2021-10-23,Linda,lah.riker,1.0,,,,,1.7915898746033808e+16
26,11,2021-10-23,Lindaaa,desativsdsa,1.0,,,,,1.794656981854811e+16
27,11,2021-10-23,Nossa ein 9vinha,desativsdsa,1.0,,,,,1.7896031939293868e+16
28,11,2021-10-23,"ParabÃ©ns, hein. Afrodite perdeu feio. Linda â¤ï¸",gabriela.s.santos24,1.0,2021-10-24 10:31:42,"@gabriela.s.santos24 obrigada, nenÃ©m â¤ï¸",vtrbrasil,0.0,1.7907120224092744e+16
29,11,2021-10-23,"MisericÃ³rdia, q isso. Isso n Ã© uma mulher isso Ã© um monumento... ğŸ˜",gabriela.s.santos24,1.0,,,,,1.7946108784559412e+16
30,11,2021-10-23,Linda ğŸ˜ saudades,josy_venialgo,1.0,2021-10-24 10:32:04,@josy_jav saudades tambÃ©mm â¤ï¸,vtrbrasil,0.0,1.7875170218587464e+16
0,10,2021-07-08,Ta topperğŸ‘ğŸ¼,__lmp1,0.0,,,,,1.790422905202064e+16
1,10,2021-07-08,"no dia que eu chegar perto dessa beleza, aÃ­ sim posso dizer que eu sou bonita... por hora, sÃ³ vou admirar e sonhar em um dia ser assim como vocÃª",__gabibf,0.0,2021-07-08 20:36:19,@__gabibf KKKKKKK Gabriela pelo amor de Deus,vtrbrasil,0.0,1.7942243161523136e+16
2,10,,,,,2021-07-08 20:37:31,@vtrbrasil eu sÃ³ disse oq eu senti ao ver sua bela foto,__gabibf,0.0,
3,10,2021-07-08,QUE PERFEITAAAAAAAAğŸ”¥â¤ï¸,nascimentoj1,1.0,,,,,1.7885162555268404e+16
4,10,2021-07-08,"Meu Deus, QUE LINDA",nascimentoj1,1.0,2021-07-08 18:11:09,@nascimentoj1 vc xuxu â¤ï¸,vtrbrasil,0.0,1.8225331939070668e+16
5,10,2021-07-08,Pitel ğŸ˜¢,regyyyna,1.0,,,,,1.7879529902428178e+16
6,10,2021-07-08,HortelÃ£ do meu abacaxi,regyyyna,1.0,2021-07-08 17:40:36,@regyyyna batata palha do meu estrogonofe ğŸ¥ºğŸ¤ğŸ»,vtrbrasil,1.0,1.797930245537655e+16
7,10,2021-07-08,lindaa ğŸ’˜,williamdesergio,1.0,2021-07-08 17:41:05,@wil.sergio Obrigadaa,vtrbrasil,0.0,1.791260250779134e+16
8,10,2021-07-08,Linda demais,gabriela.s.santos24,1.0,,,,,1.789749352413605e+16
9,10,2021-07-08,"Falo como com ela, por oraÃ§Ã£o? ğŸ˜",gabriela.s.santos24,1.0,2021-07-08 17:39:44,@gabriela.s.santos24 ahsuhaishai agora tu estabeleceu um novo nÃ­vel de elogio,vtrbrasil,1.0,1.7890233941176838e+16
10,10,2021-07-08,ğŸ˜â¤ï¸,_naraoliveira,1.0,,,,,1.792451987267762e+16
11,10,2021-07-08,"TÃ¡ abusando do bonitol mano, dÃ¡ uma segurada ğŸ’•",g4briew_,1.0,2021-07-08 15:38:08,@g4briew_  shaush â¤ï¸,vtrbrasil,0.0,1.7936138560561776e+16
12,10,2021-07-08,sou apaixonada,yasminncalmon,1.0,,,,,1.789843353504002e+16
13,10,2021-07-08,sonhei contigo!!!!!!!,yasminncalmon,1.0,2021-07-08 15:36:56,@yasminncalmon mulher me contaa,vtrbrasil,0.0,1.7989161271371512e+16
14,10,2021-07-08,LINDAAAAA,yasminncalmon,1.0,,,,,1.7881056515383208e+16
15,10,2021-07-08,"Fala mano,  se tu nÃ£o me levar nessa praia algum dia, teremos problema ğŸ‘ğŸ¿ğŸ¤ğŸ¿",carvalhorodriges_,1.0,2021-07-08 14:59:03,"@carvalhorodriges_  vou levar mano, juro de dedinho ğŸ¤",vtrbrasil,0.0,1.7892530354286972e+16
16,10,,,,,2021-07-08 15:26:46,@vtrbrasil tudo.pelo certoğŸ¤ğŸ¿,carvalhorodriges_,0.0,
17,10,2021-07-08,ğŸ‘ğŸ‘linda de mae,mpaz346,1.0,2021-07-08 14:57:38,@mpaz346 ğŸ˜,vtrbrasil,0.0,1.7860201274575876e+16
18,10,2021-07-08,me da UMA CHANCE,guilhermealm._,1.0,2021-07-08 14:59:35,@guimasiko vou considerar,vtrbrasil,0.0,1.7894022431308058e+16
19,10,2021-07-08,A pura beleza de floripa ğŸ‘,joaovmartins_,1.0,2021-07-08 14:58:00,@jaoovictor8867 a gente finge huahsahh,vtrbrasil,1.0,1.7906421919987852e+16
0,9,2021-01-22,"Com todo respeito,mas eu aceitaria ser filha de vcs @__lmp1 @vtrbrasil , OLHA A BELEZA DE VCS EU NASCERIA UMA RAINHA",__gabibf,1.0,2021-01-24 09:58:00,@__gabibf GABRIELA MDS AGODA QUE EU VI ISSO LKKKKKKK,vtrbrasil,0.0,1.7893959256808084e+16
1,9,,,,,2021-01-23 01:30:07,@__gabibf mamae surtando lendo isso,__lmp1,1.0,
2,9,,,,,2021-01-27 02:25:36,@vtrbrasil hum mas eu n menti,__gabibf,0.0,
3,9,,,,,2021-01-24 06:54:52,@__lmp1 KAKKAKAKA,__gabibf,0.0,
4,9,2021-01-21,200 aproximandamenteâ¤ï¸,joaovmartins_,1.0,,,,,1.815446727111024e+16
5,9,2021-01-21,Love youâ™¥ï¸ğŸ’˜,__lmp1,1.0,2021-01-24 09:58:36,@__lmp1 amo vc,vtrbrasil,0.0,1.7859025169340744e+16
6,9,2021-01-21,Coisa linda da tia ğŸ¤§,vit_gaspar,1.0,2021-01-24 09:58:26,@vicc_gaspar iti ğŸ¤§ğŸ’“,vtrbrasil,0.0,1.7857636775384584e+16
7,9,2021-01-21,ğŸ’“ğŸ’“ğŸ’“ğŸ’“ğŸ’“,g4briew_,1.0,,,,,1.7862881705320492e+16
0,8,2021-01-17,"Acho que vou denunciar como spam, pq estou spamtado!",andr3s1lva_,1.0,2021-01-17 15:33:36,@star_g4zer aaar shauhsha ğŸ’—,vtrbrasil,0.0,1.7945278384422572e+16
1,8,2021-01-17,Beautiful â¤ï¸,g4briew_,1.0,2021-01-17 15:33:03,"@g4briew_ nÃ£o mais que tu, amigo",vtrbrasil,1.0,1.7875904528084556e+16
2,8,2021-01-17,Linda essa moÃ§a da foto aÃ­,vit_gaspar,1.0,2021-01-17 15:32:52,@vicc_gaspar hihi obrigada ğŸ’•,vtrbrasil,0.0,1.794534172342398e+16
3,8,2021-01-17,Linda demais essa mulher â¤ï¸,gabriela.s.santos24,1.0,2021-01-17 15:32:38,"@gabriela.s.santos24 obrigada, amiga ğŸ˜",vtrbrasil,1.0,1.7897450617763712e+16
4,8,2021-01-17,eu nÃ£o tenho mais elogio ğŸ‘ğŸ¼,__gabibf,1.0,,,,,1.7875805594129192e+16
5,8,2021-01-17,Voa voa voa voa brabuletaaaa,felcosss,1.0,2021-01-17 05:50:10,@fe_lipec7 queodio,__gabibf,2.0,1.7930377771475286e+16
6,8,2021-01-17,meu deus teu olhinho fechando do sorriso iti,fabiannythomaz,1.0,2021-01-17 15:32:11,@fabiannythomaz shauhsua sempre,vtrbrasil,1.0,1.7994137104311292e+16
7,8,2021-01-17,Coisa mais linda ğŸ˜,_j.mochi_,1.0,2021-01-17 15:31:49,@_j.mochi_ ğŸ˜,vtrbrasil,0.0,1.817948204206843e+16
8,8,2021-01-17,Bom demais esse dia,__lmp1,1.0,,,,,1.7886393196953356e+16
9,8,2021-01-17,â™¥ï¸â™¥ï¸â™¥ï¸,__lmp1,1.0,,,,,1.7858375090419276e+16
0,7,2020-12-07,Mds sofro,__gabibf,1.0,,,,,1.8062434594253268e+16
1,7,2020-12-07,Essa foto Ã© muito BRABA,__gabibf,1.0,2020-12-19 13:35:10,"@__g.a.b.s  braba Ã© vc, love",vtrbrasil,0.0,1.7888382616838982e+16
2,7,2020-10-05,eu nÃ£o devia ter aberto o instagram e ter dado de cara com essa foto porque agora tÃ´ com depressÃ£o,__gabibf,1.0,,,,,1.786256910210334e+16
3,7,2020-10-05,CARALHO HEIN,__gabibf,1.0,,,,,1.788919576670822e+16
4,7,2020-10-05,Mais Ã© muito linda da tiaâ¤ï¸,correaalciene,1.0,2020-10-05 15:27:36,@correaalciene ğŸ˜,vtrbrasil,0.0,1.791124260148444e+16
5,7,2020-10-05,Minha pequena mulher â¤ï¸,mpaz346,1.0,2020-10-05 15:27:49,@mpaz346 ğŸ˜,vtrbrasil,0.0,1.812776496112618e+16
6,7,2020-10-05,ğŸ˜,carvalhorodriges_,1.0,,,,,1.8038556157274628e+16
7,7,2020-10-04,Vc cresceu muito rÃ¡pido viviğŸ˜˜ğŸ™que Deus proteja vc ğŸ˜,pointdolanchebel,1.0,,,,,1.8163754290059748e+16
8,7,2020-10-04,Me come muito,_nicolemanacas,1.0,,,,,1.7980686556312332e+16
9,7,2020-10-04,Gostosa,_nicolemanacas,1.0,,,,,1.790471728654676e+16
10,7,2020-10-04,"Eita, tu nao vai me dizer como fica linda a cada dia ne baitola?",__lmp1,1.0,2020-10-05 15:27:28,"@__lmp1 digo, mas sÃ³ pessoalmente",vtrbrasil,0.0,1.807145203024253e+16
11,7,2020-10-04,"Ã‰gua, tÃ´ vendo uma deusa ğŸ˜",gabriela.s.santos24,1.0,,,,,1.7899081681595498e+16
12,7,2020-10-04,Como que tu fez pra ter essa beleza angelical aÃ­?,vit_gaspar,1.0,2020-10-05 15:26:40,@vicc_gaspar aprendi contigo,vtrbrasil,0.0,1.8157324075067656e+16
13,7,2020-10-04,tenho que estudar mitologia grega de novo pq essa deusa eu nÃ£o conhecia,fabiannythomaz,1.0,2020-10-05 15:26:16,@fabiannythomaz ğŸ˜ğŸ˜,vtrbrasil,0.0,1.7958986701356822e+16
0,6,2020-04-16,Gostosa igual a qualquer comida que tu faz,regyyyna,1.0,2020-04-16 17:30:33,@regyyyna KKKKKKKKKKKK queria te amar menos,vtrbrasil,1.0,1.7847107957061372e+16
1,6,2020-03-06,Minha tia lindauau,_lolinha.maria,2.0,2020-04-16 17:26:59,@_lolinha.maria ahushsuKakKkskskskkssksks,regyyyna,0.0,1.7859767899749584e+16
2,6,2020-02-25,PODEROSA,nascimentoj1,1.0,,,,,1.7857341709766054e+16
3,6,2020-02-25,CRESCEU TANTO MEU BB â¤ï¸,nascimentoj1,1.0,,,,,1.7903223853427398e+16
4,6,2020-02-25,MENINA QUE SAUDADE DE VOCÃŠâœ¨â¤ï¸,nascimentoj1,1.0,2020-02-25 22:09:20,@nascimentoj1 Saudades demais ğŸ’“,vtrbrasil,0.0,1.7857763632769308e+16
5,6,2020-02-25,"Porra, DEUSA MESMO",nascimentoj1,1.0,,,,,1.788779676448383e+16
6,6,2020-02-25,linda demais cara,julliateodosio,1.0,2020-02-25 02:49:15,"@jlteo eu que te digo, puts",vtrbrasil,0.0,1.8124021066071548e+16
7,6,2020-02-24,Minha lindona,mpaz346,1.0,2020-02-25 02:48:54,@mpaz346 ğŸ˜,vtrbrasil,0.0,1.785206356084307e+16
8,6,2020-02-24,"Meu olho dÃ³i,deve ser o brilho da tua beleza ğŸ˜ªâ¤ï¸",vit_gaspar,1.0,2020-02-25 05:06:37,@vicc_gaspar KKKKKK,__gabibf,0.0,1.787855449953502e+16
9,6,2020-02-24,BelÃ­ssima ğŸ‘Œâ¤ï¸,iaspazs_,1.0,,,,,1.813087858005744e+16
10,6,2020-02-24,Lindaa,mihcmonteiro,1.0,,,,,1.7853450592834008e+16
11,6,2020-02-24,Lansou,carvalhorodriges_,1.0,2020-02-25 02:55:49,@vtrbrasil a braba,carvalhorodriges_,0.0,1.809549669418562e+16
12,6,,,,,2020-02-25 02:48:30,@carvalhorodriges_  lansei,vtrbrasil,0.0,
13,6,2020-02-24,ğŸ˜ğŸ˜ğŸ˜,mathss_m,1.0,,,,,1.808872786015878e+16
14,6,2020-02-24,e vamos de beleza divina,__gabibf,1.0,,,,,1.7862089383726144e+16
15,6,2020-02-24,E a Vitoria FAZ TUDO!,__gabibf,1.0,,,,,1.7912549911399668e+16
16,6,2020-02-24,O anjo que roubou o meu coraÃ§Ã£oğŸ˜ğŸ˜,_nicolemanacas,1.0,2020-02-25 02:48:16,@_nicolemanacas100 hihi â¤ï¸,vtrbrasil,1.0,1.8104909503117172e+16
0,5,2019-10-17,linda,barbosa_bjj,0.0,,,,,1.8081181126127544e+16
1,5,2019-09-17,Deusa do universo,nascimentoj1,1.0,2019-09-18 09:25:09,@nascimentoj1 vc Ã© o Olimpo todo,vtrbrasil,0.0,1.791198096135293e+16
2,5,2019-09-17,TÃ£o linda que NAO CONSIGO PARAR DE OLHAR,nascimentoj1,1.0,,,,,1.7842386799676482e+16
3,5,2019-09-16,BE MY GIRLFRIEND PLEASE,__gabibf,1.0,2019-09-16 17:26:27,@felipe_costa_77  corre aqui rÃ¡pidÃ£o,vtrbrasil,1.0,1.7856316066546372e+16
4,5,,,,,2019-09-16 21:21:28,@vtrbrasil beloved?,__gabibf,0.0,
5,5,2019-09-16,PERFEITA,__gabibf,0.0,,,,,1.7882162050426512e+16
6,5,2019-09-16,SONHO DA MAMAE,__lmp1,1.0,2019-09-16 17:25:55,@__lmp1 KKKKKK GAROTO,vtrbrasil,1.0,1.791950301433438e+16
7,5,,,,,2019-09-17 16:30:34,@vtrbrasil KKKKKKK,__lmp1,0.0,
8,5,2019-09-16,TU E DOIDO,__lmp1,1.0,,,,,1.803012167220963e+16
9,5,2019-09-16,EU TO E APAIXONADO MANE,__lmp1,1.0,,,,,1.7855540083558216e+16
10,5,2019-09-16,Izi maliaaaa,felcosss,1.0,,,,,1.7851708981570076e+16
11,5,2019-09-16,linda dimai,_kaypacheco,1.0,,,,,1.803301096620478e+16
12,5,2019-09-16,ESTOU CHOCADA COM ESSA DEUSA,nascimentoj1,1.0,,,,,1.7849664478602902e+16
13,5,2019-09-16,Meu Deus,nascimentoj1,1.0,,,,,1.78446758926501e+16
14,5,2019-09-15,"AÃ­ sÃ©rio, a beleza brasileira mais belezuda dessa AmazÃ´nia",regyyyna,1.0,,,,,1.8068861125187444e+16
15,5,2019-09-15,ğŸ˜,_nicolemanacas,1.0,,,,,1.7851238791583808e+16
16,5,2019-09-15,Ahhh te amo,_nicolemanacas,1.0,2019-09-15 23:57:56,@_nicolemanacas100 Te amoğŸ’“,vtrbrasil,1.0,1.803092188021153e+16
17,5,2019-09-15,Saudades de apreciar a tua beleza todos os dias,_nicolemanacas,1.0,2019-09-16 00:22:15,@vtrbrasil sÃ£o apenas a verdade,_nicolemanacas,0.0,1.7878946137438276e+16
18,5,,,,,2019-09-15 23:57:43,@_nicolemanacas100 nossa tu Ã© muito boa nessas teses,vtrbrasil,1.0,
19,5,2019-09-15,Amor da minha vida,_nicolemanacas,1.0,,,,,1.7865436492488488e+16
20,5,2019-09-15,Quase chorei com essa beleza,vit_gaspar,1.0,2019-09-15 23:57:07,@vicc_gaspar Ai um exagero kkkkkkkk ğŸ’“,vtrbrasil,0.0,1.7846745481626452e+16
21,5,2019-09-15,"AÃ­ sÃ©rio, a beleza brasileira mais belezuda dessa AmazÃ´nia",regyyyna,1.0,,,,,1.7884296964419178e+16
22,5,2019-09-15,"Brasil olha como tu Ã©s, sua salafrÃ¡ria",regyyyna,1.0,2019-09-15 23:57:26,@regyyyna KKKKK mininaa,vtrbrasil,0.0,1.7844638797648684e+16
23,5,2019-09-15,Forte abraÃ§o,iaspazs_,1.0,,,,,1.7995052755271654e+16
24,5,2019-09-15,Eu que tirei,iaspazs_,1.0,,,,,1.809999167505053e+16
25,5,2019-09-15,Lindona â¤ï¸,iaspazs_,1.0,,,,,1.8102554320055756e+16
26,5,2019-09-15,Fofa,paulorobledoredacao,1.0,,,,,1.8059347078160228e+16
0,4,2018-12-30,"Que isso, passa o WhatsApp dessas meninas aÃ­, namoral, nunca te pedi nada",adrimarvao,2.0,2018-12-30 23:03:30,@adrimarvao17 ğŸ˜‚ boatos que tu jÃ¡ tem,vtrbrasil,0.0,1.799815459012082e+16
1,4,2018-12-30,Guarda vocÃªs num potinho,carvalhorodriges_,2.0,2018-12-30 03:05:48,Aaa ğŸ’“,vtrbrasil,0.0,1.7924132305258836e+16
0,3,2022-10-28,Minha linda florâ¤ï¸,mpaz346,0.0,,,,,1.796290830205534e+16
1,3,2019-09-21,ğŸ˜®,__lmp1,0.0,,,,,1.7912802247353454e+16
2,3,2019-09-21,OH... MYY.. GOD...,__lmp1,0.0,,,,,1.7895769447385604e+16
3,3,2018-05-30,Lindaa!ğŸ˜˜ğŸ‘Œ,puga_leticiaa,1.0,2018-05-31 14:51:09,@viccbrasil entÃ£o somos!ğŸ˜œ,puga_leticiaa,0.0,1.7921908978145004e+16
4,3,,,,,2018-05-31 14:04:46,@leticiadmirand tu que Ã© â¤,vtrbrasil,1.0,
5,3,2018-05-30,Lindonaa!!,thamires.r_,1.0,,,,,1.787610105423152e+16
6,3,2018-05-30,Uma FrÃ´ segurando uma FrÃ´,karla.opp,1.0,2018-05-30 08:18:22,@karla.opp shaushausâ¤ :3,vtrbrasil,0.0,1.7948963971028768e+16
7,3,2018-05-30,Linda,karla.opp,1.0,,,,,1.7944094356070838e+16
8,3,2018-05-30,Aaaahhh,karla.opp,1.0,,,,,1.7952359293012748e+16
9,3,2018-05-30,Lindaaaâ¤,ianes.araujo,1.0,,,,,1.7948403439041032e+16
10,3,2018-05-30,Que brasil mais diversificado Naum ? :3,pedrovits,1.0,,,,,1.7921254450147228e+16
11,3,2018-05-30,ConheÃ§o esse lugar,pedrovits,1.0,,,,,1.794835362704308e+16
12,3,2018-05-30,TÃ¡ linda â™¥ï¸,rayanee03_,1.0,2018-05-30 00:36:23,@rayanemirela_  obrigada s2,vtrbrasil,0.0,1.7951968087045992e+16
13,3,2018-05-30,Linda â¤,matheusribeirooo_,1.0,,,,,1.795007502105724e+16
14,3,2018-05-30,me empresta esse teu bonitol aÃ­,_kaypacheco,1.0,,,,,1.794833114802062e+16
15,3,2018-05-30,"mana, tu Ã© mt uma deusa grega",_kaypacheco,1.0,2018-05-30 00:36:08,@_kaypacheco shauhsuas eu que te digo :3,vtrbrasil,0.0,1.7849121259268052e+16
16,3,2018-05-30,"Ai que Ã³dio,me dÃ¡ tua beleza mulher",__gabibf,1.0,,,,,1.7929153546080736e+16
17,3,2018-05-29,DEUSAAAA,__gabibf,1.0,2018-05-30 00:37:50,@eug_briela kkkkkk olha quem fala ğŸ˜š,vtrbrasil,1.0,1.7947899283043894e+16
18,3,,,,,2018-05-30 05:40:53,@viccbrasil comeÃ§ou o jogo da ilusÃ£o,__gabibf,0.0,
19,3,2018-05-29,LINDAAAAAAAAA,__gabibf,1.0,,,,,1.7887605406210184e+16
20,3,2018-05-29,Linda,_nicolemanacas,1.0,,,,,1.7949000010010668e+16
21,3,2018-05-29,LINDAâ¤ï¸,__lmp1,1.0,,,,,1.7949328027013632e+16
22,3,2018-05-29,Uma frozian,_nicolemanacas,1.0,,,,,1.794499655507145e+16
23,3,2018-05-29,ğŸ˜ğŸ˜ğŸ˜,yasminncalmon,1.0,,,,,1.794054521807342e+16
24,3,2018-05-29,â¤â¤ uma deusa,maelysantiago,1.0,2018-05-30 00:36:59,@maelysantiago oxi ahsuahush tu que Ã© â¤,vtrbrasil,1.0,1.7859165724255152e+16
25,3,2018-05-29,Muito lindo mano,maelysantiago,1.0,,,,,1.7918962090160376e+16
26,3,2018-05-29,Lindaaaa!!!,brasilsuellen,1.0,,,,,1.7948956147060852e+16
27,3,2018-05-29,lindaa,eeduardoliveira,1.0,,,,,1.792132148519274e+16
28,3,2018-05-29,â¤,felcosss,1.0,,,,,1.788736594622206e+16
29,3,2018-05-29,Biuriful... Verri biuriful,felcosss,1.0,2018-05-29 23:42:01,@felipe_costa_77  nhanw â¤,vtrbrasil,0.0,1.7949466192043428e+16
30,3,2018-05-29,Biutifuu,felcosss,1.0,,,,,1.7935507171098588e+16
31,3,2018-05-29,VOU BOTAR NO MEU PAPEL DE PAREDE,felcosss,1.0,,,,,1.7920741651144564e+16
32,3,2018-05-29,A SEGUNDA MELHOR FOTO DA TUA VIDA,felcosss,1.0,,,,,1.7921072389150992e+16
33,3,2018-05-29,MARAVILHOSA,felcosss,1.0,,,,,1.7920952788156732e+16
34,3,2018-05-29,LINDAA,felcosss,1.0,,,,,1.7876376199226788e+16
0,2,2018-01-16,Lindaaa â¤â¤,__gabibf,0.0,,,,,1.7919893020019772e+16
1,2,2018-01-15,vocÃª Ã© linda ğŸ˜,yasminncalmon,1.0,2018-01-15 22:14:22,ğŸ˜,vtrbrasil,0.0,1.7895141607190952e+16
2,2,2018-01-15,Eita Brasil bom ğŸ˜,__lmp1,1.0,2018-01-15 18:08:39,Kkkkkkkk â¤,vtrbrasil,0.0,1.7845039921239932e+16
3,2,2018-01-15,Que menina linda,__lmp1,1.0,,,,,1.7919272521029044e+16
4,2,2018-01-15,Oh mds,__lmp1,1.0,,,,,1.790542342610082e+16
5,2,2018-01-15,Ainda dizem q o Brasil nÃ£o Ã© versificado,pedrovits,1.0,2018-01-15 18:08:02,@pedrovits scrr kkkkkkkkk,vtrbrasil,0.0,1.7903680276121532e+16
6,2,2018-01-15,Olha essa coisa linda de mds â¤ï¸,pedrovits,1.0,,,,,1.7917556821028218e+16
7,2,2018-01-15,ğŸ˜ğŸŒ¹,_kellysilvaa_,1.0,,,,,1.7918136223015596e+16
8,2,2018-01-15,O Brasil Ã© lindo,felcosss,1.0,,,,,1.786077456120393e+16
9,2,2018-01-15,Que fofs,felcosss,1.0,,,,,1.789540233413878e+16
10,2,2018-01-15,Nome,felcosss,1.0,,,,,1.7891841244148646e+16
0,1,2017-12-26,Que linda ğŸ’•,__gabibf,0.0,,,,,1.7910721690064976e+16
1,1,2017-12-26,Amo muito ğŸ˜,_naraoliveira,1.0,,,,,1.7887688446153428e+16
2,1,2017-12-26,Linda linda lindağŸ˜ğŸ˜ğŸ˜,brasilsuellen,1.0,,,,,1.78550832162214e+16
3,1,2017-12-25,Lindaaaaaa,juliachmatias,1.0,2017-12-25 21:34:49,@juliachristinne  obggg amore â¤,vtrbrasil,0.0,1.7914929961029542e+16
4,1,2017-12-25,Linda! ğŸ˜,iagoolives,1.0,,,,,1.7914920802060296e+16
